,Name,Country,MMSI,Type,Size,DWT,Year,Area
0,ATLANTIS,Belgium,205231000,Stone Carrier,1760,2520,1997,Persian Gulf
1,STAR GENESIS,Marshall Is,538007355,Bulk Carrier,7328,80705,2010,North Sea
2,GAS ARMA,Djibouti,621819052,Lpg Tanker,1955,6758,1994,Gulf of Oman
3,POURQUOIPAS,France,228207600,Research/Survey Vessel,2140,1250,2005,Mediterranean Sea - Western Basin
4,IONIC ASPIS,Marshall Is,538007962,Crude Oil Tanker,10248,107508,2011,English Channel
5,GH CURIE,Marshall Is,538009444,Container Ship,6480,38060,2008,North Pacific Ocean
6,ATLANTIS,Belgium,205231000,Stone Carrier,1760,2520,1997,Persian Gulf
7,STAR GENESIS,Marshall Is,538007355,Bulk Carrier,7328,80705,2010,North Sea
8,GAS ARMA,Djibouti,621819052,Lpg Tanker,1955,6758,1994,Gulf of Oman
9,POURQUOIPAS,France,228207600,Research/Survey Vessel,2140,1250,2005,Mediterranean Sea - Western Basin
10,IONIC ASPIS,Marshall Is,538007962,Crude Oil Tanker,10248,107508,2011,English Channel
11,GH CURIE,Marshall Is,538009444,Container Ship,6480,38060,2008,North Pacific Ocean
12,NORDIC SAGA,Norway,257942000,Oil/Chemical Tanker,1246,4053,2007,North Sea
13,VB BALEAR,Spain,224494000,Tug,224,190,1998,North Atlantic Ocean
14,SAVVY,Singapore,565446000,Oil Products Tanker,2400,10327,2005,Singapore Strait
15,CAPTAIN KANG,Togo,671799000,General Cargo,2340,10279,2005,Japan Sea
16,FAR SYMPHONY,Norway,257132000,Offshore Supply Ship,1634,4929,2003,North Sea
17,MAMORA,Palau,511933000,Suction Hopper Dredger,897,1490,1973,Black Sea
18,KINGS BAY,Norway,258654000,Fishing Vessel,1232,3000,2013,Norwegian Sea
19,TUNDRALAND,Sweden,266247000,Ro-Ro Cargo,4940,14200,2007,Skaggerak
20,FLIPPER 7,Guinea-Bissau,630123006,Trawler,882,699,1987,North Atlantic Ocean
21,PELLWORM 1,Germany,211255580,Ro-Ro/Passenger Ship,720,310,1997,North Sea
22,GRETE FIGHTER,Denmark,219000558,Backhoe Dredger,564,510,1980,North Sea
23,VOLCAN DE TAMADABA,Spain,224957000,Ro-Ro/Passenger Ship,3720,3350,2007,North Atlantic Ocean
24,MOROZ,Russia,273136900,Passengers Ship,161,14,1989,Barentsz Sea
25,SERENITY ACE,Bahamas,311002800,Vehicles Carrier,6400,21004,2008,North Pacific Ocean
26,SEA EXPLORER,Cyprus,210112000,General Cargo,1980,9386,2012,North Sea
27,STENA SUPERFAST VIII,United Kingdom,235089436,Ro-Ro/Passenger Ship,5075,5990,2001,Inner Seas off the West Coast of Scotland
28,LANGEVIN,France,227148000,Research/Survey Vessel,728,1334,1980,Celtic Sea
29,WATERSTRAAT,Netherlands,246758000,Tug,310,149,2008,North Sea
30,SCHALL,Germany,211236290,Research/Survey Vessel,400,29,1962,North Sea
31,SCHOKLAND,Netherlands,246655000,General Cargo,1260,3300,2010,North Sea
32,TIDAN,Faroe Is,231840000,General Cargo,1144,4250,1990,Kattegat
33,FLOATEL SUPERIOR,Bermuda,310588000,Accommodation Platform,5760,17702,2010,North Sea
34,ANMI,Bahamas,311938000,General Cargo,1260,4245,1992,Norwegian Sea
35,RAMFORM VALIANT,Bahamas,311783000,Research/Survey Vessel,3440,5082,1998,North Sea
36,REINAUER TWINS,USA,367496470,Articulated Pusher Tug,3696,1164,2011,North Atlantic Ocean
37,ALTAI,Marshall Is,538004508,Crude Oil Tanker,10956,115952,2011,Black Sea
38,SAKIZAYA BRAVE,Panama,351170000,Bulk Carrier,7200,74940,2013,Mediterranean Sea - Eastern Basin
39,BONACIEUX,Gibraltar,236553000,General Cargo,1118,3171,2009,Adriatic Sea
40,HAV PIKE,Antigua Barbuda,304036000,General Cargo,1144,3718,1994,North Sea
41,RAY 3,Luxembourg,253466000,Bulk Carrier,138,56726,2010,Mediterranean Sea - Western Basin
42,HERBADI DOS,Spain,224229000,Trawler,296,217,1999,North Atlantic Ocean
43,MARGUERITE ACE,Panama,372158000,Vehicles Carrier,6400,17237,2009,North Sea
44,YASMINE,Malta,249594000,Ro-Ro Cargo,6060,17023,2007,North Sea
45,SEVIL,Vanuatu,577528000,General Cargo,1600,5263,1997,Sea of Marmara
46,BERGE KINABALU,United Kingdom,235101105,Bulk Carrier,13005,177173,2003,North Sea
47,AASVIK,Portugal,255752000,General Cargo,1856,7566,2011,North Sea
48,ATLANTIC GREEN,Malta,249037000,Container Ship,2948,11432,2006,North Atlantic Ocean
49,HARUN,Cyprus,209531000,General Cargo,1554,6000,2008,North Sea
50,ELENA VE,Liberia,636014709,Bulk Carrier,7200,75750,2010,Barentsz Sea
51,LADY MARIELLA,Italy,247430200,Oil/Chemical Tanker,5124,39316,2013,Ionian Sea
52,REGINA OLDENDORFF,Liberia,636092979,Bulk Carrier,11180,118000,2011,Indian Ocean
53,SCHENGE,Netherlands,244146000,General Cargo,1395,4985,1996,North Sea
54,MOSEL ACE,Liberia,636019661,Vehicles Carrier,5456,12743,2000,North Atlantic Ocean
55,FAIRPLAY XIV,Netherlands,246517000,Tug,300,188,2009,North Sea
56,HACI MEHMET KAPTAN,Turkey,271002044,General Cargo,1079,3270,1984,Sea of Marmara
57,COLOMBIAN STAR,Liberia,636014240,Reefer,4440,10371,1998,North Sea
58,BBC CORAL,Antigua Barbuda,305853000,General Cargo,3519,14487,2012,Indian Ocean
59,NSU OBELISK,Japan,431113000,Bulk Carrier,15000,207000,2014,North Pacific Ocean
60,MAERSK LAMANAI,Hong Kong,477182800,Container Ship,13500,99865,2013,North Atlantic Ocean
61,HIYODORI,Japan,431000132,Container Ship,1232,1830,2007,North Pacific Ocean
62,YM MIRANDA,Malta,229370000,Oil/Chemical Tanker,2700,12933,2013,Mediterranean Sea - Eastern Basin
63,NAVAHO,Malta,248681000,General Cargo,2240,3802,1999,Sea of Marmara
64,ASPIRE I,Cook Is,518100889,Oil Products Tanker,1989,7639,2005,Gulf of Oman
65,SEA WATCH 3,Germany,211281610,Offshore Supply Ship,550,498,1973,Balearic Sea
66,AMELIE BORCHARD,Antigua Barbuda,305886000,Container Ship,2926,11367,2002,North Atlantic Ocean
67,X-PRESS IRAZU,Singapore,563056800,Container Ship,4956,23716,2007,Mediterranean Sea - Western Basin
68,KIKKI C,Portugal,255806480,General Cargo,1590,6750,2011,North Atlantic Ocean
69,CROWN FORTUNE,Singapore,565919000,Oil Products Tanker,1200,2984,2009,Singapore Strait
70,XING SHUN,Hong Kong,477502000,Bulk Carrier,4602,27860,1995,Eastern China Sea
71,ELBSUN,Portugal,255806370,Container Ship,3243,11000,2012,Gulf of Finland
72,DENEB,Germany,211222290,Research/Survey Vessel,624,170,1994,Baltic Sea
73,CALIDA,Malta,256380000,Crude Oil Tanker,10956,115812,2012,English Channel
74,MSC ATHENS,Malta,256858000,Container Ship,14400,110853,2013,North Sea
75,MANUEL LAURA,United Kingdom,235021707,Fishing Vessel,240,194,2004,North Atlantic Ocean
76,GRAND BANKS,Namibia,659254000,Mining Vessel,2440,6648,1972,South Atlantic Ocean
77,CONGO RIVER,Luxembourg,253688000,Trailing Suction Hopper Dredger,6308,34674,2011,Yellow Sea
78,CHRISTOS XXXII,Greece,239886300,Offshore Supply Ship,583,721,1967,Aegean Sea
79,PIONNIER,France,228382600,Anchor Handling Vessel,1173,2195,2002,Mediterranean Sea - Western Basin
80,BALTIC PRINCESS,Finland,230639000,Ro-Ro/Passenger Ship,7208,6287,2008,Gulf of Bothnia
81,SVITZER GAIA,Faroe Is,231846000,Tug,384,349,2012,Kattegat
82,MAERSK SEMARANG,Liberia,636092986,Container Ship,14608,108447,2007,North Pacific Ocean
83,ELI A,Liberia,636021316,Container Ship,2948,11403,2005,Irish Sea and St. George's Channel
84,SMALAND,Portugal,255806290,General Cargo,1785,7707,2004,Baltic Sea
85,PANORMITIS,Greece,241679000,General Cargo,935,1230,1985,Aegean Sea
86,SVITZER CECILIA,United Kingdom,232003119,Tug,330,205,1991,North Sea
87,HADDOCK,Liberia,636019762,General Cargo,3552,13827,2005,Singapore Strait
88,GEESKE,Portugal,255806055,Container Ship,3528,13727,2005,Balearic Sea
89,HYDRA,Belize,312139000,Suction Dredger,750,1400,1975,North Sea
90,ANDREA,Gibraltar,236481000,Container Ship,3082,11285,2005,Skaggerak
91,STELLA ORION,Netherlands,246553000,Oil/Chemical Tanker,1664,4999,2004,North Sea
92,CROWN FORTUNE,Singapore,565919000,Oil Products Tanker,1200,2984,2009,Singapore Strait
93,LADY CLARA,Antigua Barbuda,305015000,General Cargo,1032,3637,2007,North Sea
94,MISTRAL,Colombia,730153594,Tug,280,152,2004,North Pacific Ocean
95,NOBLE 1,Comoros,620604000,General Cargo,1472,4500,1981,Aegean Sea
96,TROMS LYRA,United Kingdom,235110776,Offshore Supply Ship,1476,3650,2013,North Sea
97,MILLGARTH,United Kingdom,232002697,Tug,330,290,1997,Irish Sea and St. George's Channel
98,SEA EXPLORER,Cyprus,210112000,General Cargo,1980,9386,2012,North Sea
99,WING DART,Hong Kong,477911000,Bulk Carrier,700,63920,1993,South China Sea
100,TELAMON,Greece,237294700,Ro-Ro/Passenger Ship,1216,614,2000,Aegean Sea
101,AMETHYST,Cyprus,209223000,Chemical Tanker,1302,4282,2002,North Sea
102,COTES DE BRETAGNE,France,227003850,Suction Hopper Dredger,825,2400,1998,Bay of Biscay
103,RIG,Malta,215818000,General Cargo,1131,3200,1989,North Sea
104,GUARD,USA,366887300,Tug,429,470,1997,The Coastal Waters of Southeast Alaska and British Columbia
105,BULK VALOR,Panama,352986151,Bulk Carrier,6080,58105,2013,North Sea
106,ROBUSTE,France,227006750,Tug,300,75,1999,Celtic Sea
107,BUGSIER 7,Germany,211625350,Tug,352,170,2014,North Sea
108,GALILEUSZ,Cyprus,210095000,Ro-Ro/Passenger Ship,3450,7330,1992,Baltic Sea
109,TOKYO BAY,Liberia,636016074,Container Ship,11653,80578,2013,North Sea
110,ESVAGT CONTENDER,Denmark,219011205,Standby Safety Vessel,552,640,2008,North Sea
111,BOA SUB C,Norway,257342000,Multi Purpose Offshore Vessel,4140,12036,2007,Bay of Biscay
112,GRANDE AFRICA,Malta,215751000,Vehicles Carrier,6848,27965,1998,North Atlantic Ocean
113,STENA SPIRIT,Cyprus,210331000,Ro-Ro/Passenger Ship,5280,4500,1988,Baltic Sea
114,EBENEZER,Australia,503000370,General Cargo,336,1000,1996,Tasman Sea
115,BLUE STAR PAROS,Greece,239924000,Ro-Ro/Passenger Ship,2356,1896,2002,Aegean Sea
116,SVITZER CECILIA,United Kingdom,232003119,Tug,330,205,1991,North Sea
117,FIGARO,Sweden,266338000,Vehicles Carrier,7392,30140,2011,North Sea
118,MAERSK SEMARANG,Liberia,636092986,Container Ship,14608,108447,2007,North Pacific Ocean
119,BERLIN,Germany,211727510,Ro-Ro/Passenger Ship,4590,5000,2014,Baltic Sea
120,SCANDINAVIA,Denmark,219011922,Oil Products Tanker,1079,3814,2006,Kattegat
121,MAXI,Antigua Barbuda,305808000,General Cargo,1680,6359,1999,Kattegat
122,ZEEZAND EXPRESS,Netherlands,246384000,Trailing Suction Hopper Dredger,720,1500,1982,North Sea
123,ZAIM H,Turkey,271000501,General Cargo,1316,4448,1997,English Channel
124,FIGARO,Sweden,266338000,Vehicles Carrier,7392,30140,2011,North Sea
125,MERSEY ENDURANCE,United Kingdom,235099933,Inland Tanker,2580,1650,2012,Irish Sea and St. George's Channel
126,GAS SHURIKEN,Marshall Is,538003359,Lpg Tanker,1800,5025,2008,Mediterranean Sea - Eastern Basin
127,DODEKANISOS PRIDE,Greece,240383000,High speed craft,440,51,2005,Mediterranean Sea - Eastern Basin
128,LOMAX,United Kingdom,235096265,Tug,392,133,2012,English Channel
129,LPG/C SEAGAS MAJOR,Liberia,636016188,Lpg Tanker,1485,4197,1999,Aegean Sea
130,RUTH BORCHARD,Marshall Is,538005024,Container Ship,4293,15313,2000,Mediterranean Sea - Eastern Basin
131,SKY FEYZ,Panama,355997000,General Cargo,1320,3662,1995,Aegean Sea
132,HELENE,Antigua Barbuda,304157000,Container Ship,3197,11804,2007,North Atlantic Ocean
133,MARTYN LATSIS,Ukraine,272031000,General Cargo,1482,3134,1982,Mediterranean Sea - Eastern Basin
134,DUTCH POWER,Netherlands,246607000,Tug,300,130,2009,Baltic Sea
135,SAGASBANK,Netherlands,246061000,General Cargo,1246,4500,2010,North Sea
136,BLUE STAR 2,Greece,239737000,Ro-Ro/Passenger Ship,4576,5075,2000,Aegean Sea
137,STAVROS,Greece,237352400,Ro-Ro/Passenger Ship,1050,913,2001,Mediterranean Sea - Eastern Basin
138,ILYA MUROMETS,Moldova,214181714,General Cargo,2208,5176,1975,Mediterranean Sea - Eastern Basin
139,HASAN G,Guyana,750994000,General Cargo,1785,6830,1996,Aegean Sea
140,DELTA TOLMI,Liberia,636020131,Crude Oil Tanker,13152,157488,2010,Mediterranean Sea - Eastern Basin
141,INCE BEYLERBEYI,Singapore,563088400,Bulk Carrier,6368,61429,2012,Mediterranean Sea - Eastern Basin
142,BULK VALOR,Panama,352986151,Bulk Carrier,6080,58105,2013,North Sea
143,ATLANTIC BEAVER,Canada,316012539,Tug,360,190,2008,North Atlantic Ocean
144,SLOMAN THETIS,Antigua Barbuda,305496000,Oil/Chemical Tanker,4760,34662,2006,North Atlantic Ocean
145,EAST,Estonia,276854000,Oil Products Tanker,1027,2774,1992,Gulf of Finland
146,ALATEPE,Turkey,271044357,Chemical Tanker,1840,6239,1995,Aegean Sea
147,SIDER JOY,Portugal,255806429,Bulk Carrier,4239,25026,2011,Mediterranean Sea - Eastern Basin
148,BRUSSELS,Portugal,255806004,Container Ship,11120,68790,2000,North Sea
149,PANORMITIS,Greece,241679000,General Cargo,935,1230,1985,Aegean Sea
150,KETHI,Malta,215540000,General Cargo,1770,7875,2002,Gulf of Finland
151,UBC TOKYO,Cyprus,210786000,General Cargo,5307,37865,2005,Gulf of Mexico
152,SEA ENDURANCE,Cyprus,210084000,General Cargo,1980,9387,2012,Gulf of Finland
153,MSC TUXPAN,Portugal,255796000,Container Ship,9735,68017,2005,North Sea
154,ARACARI ARROW,Bahamas,311044300,General Cargo,6200,46956,1992,North Atlantic Ocean
155,GRAND BANKS,Namibia,659254000,Mining Vessel,2440,6648,1972,South Atlantic Ocean
156,GRAND BANKS,Namibia,659254000,Mining Vessel,2440,6648,1972,South Atlantic Ocean
157,CMA  CGM  GALICIA,Malta,229595000,Container Ship,3648,13172,2007,North Sea
158,ST SOLENE,France,226302000,Oil/Chemical Tanker,1785,5820,2003,North Sea
159,WADI SAFAD,UAE,470533000,Tug,245,378,1999,Gulf of Oman
160,HELENE,Antigua Barbuda,304157000,Container Ship,3197,11804,2007,North Atlantic Ocean
161,MILANGAZ III,Turkey,271000865,Lpg Tanker,924,1707,1976,Sea of Marmara
162,SPAR CORVUS,Norway,259093000,Bulk Carrier,6080,58000,2011,North Pacific Ocean
163,DUTCH POWER,Netherlands,246607000,Tug,300,130,2009,Baltic Sea
164,VIRONO PRIDE,Liberia,636021245,Bulk Carrier,6080,58761,2009,North Sea
165,SOLUTION,Cook Is,518100623,Patrol Vessel,344,70,2010,Balearic Sea
166,SWE-FREIGHTER,Cyprus,210547000,General Cargo,1386,4537,2000,Baltic Sea
167,BLUE STAR DELOS,Greece,241087000,Ro-Ro/Passenger Ship,3480,2775,2011,Aegean Sea
168,BC GRACE,Panama,351450000,Bulk Carrier,4617,29637,2011,Bay of Biscay
169,BOTNIA SEAWAYS,Lithuania,277399000,Ro-Ro Cargo,3423,8702,2000,Baltic Sea
170,MARYCAM SWAN,Panama,351180000,Lpg Tanker,4004,16772,2009,Aegean Sea
171,SAKIZAYA BRAVE,Panama,351170000,Bulk Carrier,7200,74940,2013,Mediterranean Sea - Eastern Basin
172,VENTURA,United Kingdom,232013925,General Cargo,1056,3850,2000,North Sea
173,LOUWE SENIOR,United Kingdom,235003170,Trawler,333,111,2002,North Sea
174,OKYROE,Marshall Is,538002621,Crude Oil Tanker,7296,74999,2004,Kattegat
175,AL BARQ AL SAUDI,Saudi Arabia,403010000,Oil/Chemical Tanker,1200,3539,1999,Red Sea
176,KUBAN STAR,Russia,273316460,Tug,224,139,1986,Black Sea
177,KEY MARMARA,Malta,248891000,Oil/Chemical Tanker,1802,5825,2003,Kattegat
178,SAGASBANK,Netherlands,246061000,General Cargo,1246,4500,2010,North Sea
179,B GAS MARINER,Malta,215064000,Lpg Tanker,1320,3811,2007,Kattegat
180,PUSAKA PRIMA,Malaysia,533130716,Asphalt/Bitumen Tanker,1908,4147,1996,Singapore Strait
181,LUNA E,Greenland,331999008,Fishing Vessel,315,500,2006,Kattegat
182,PEYTON LYNN C,Antigua Barbuda,304474000,Container Ship,3243,12193,2007,Baltic Sea
183,MARLIN,Russia,273299220,Offshore Supply Ship,1800,4195,2008,Skaggerak
184,HEIMDAL R,Netherlands,244060659,Offshore Supply Ship,1596,3974,1997,Baltic Sea
185,JEANNY,Netherlands,244719000,General Cargo,536,830,1970,Baltic Sea
186,ATLANTIC WILLOW,Canada,316002800,Tug,360,145,1998,North Atlantic Ocean
187,MISTRAL 7,France,227006650,Tug,300,70,2000,Celtic Sea
188,UKD MARLIN,United Kingdom,232001610,Trailing Suction Hopper Dredger,1296,3735,1993,North Sea
189,RACHEL CARSON,USA,338415000,Multi Purpose Offshore Vessel,462,428,2003,North Pacific Ocean
190,STOLT SHEARWATER,Cayman Is,319402000,Oil/Chemical Tanker,1536,5498,1998,North Sea
191,AQUA FJORD,Norway,258031000,General Cargo,840,1612,2004,Norwegian Sea
192,KERLI,Malta,229849000,General Cargo,1170,4211,1997,North Sea
193,PONT AVEN,France,228183600,Ro-Ro/Passenger Ship,6256,4803,2004,English Channel
194,CELSIUS PALERMO,Marshall Is,538008065,Oil Products Tanker,6138,53540,2010,English Channel
195,ELYSIUM,Cayman Is,319029000,Yacht,477,172,2001,Singapore Strait
196,WISBY TEAK,Norway,259944000,Oil/Chemical Tanker,1800,7374,2011,North Sea
197,MEDWAY,Cyprus,209416000,Trailing Suction Hopper Dredger,2520,7347,2012,North Sea
198,HUSOY,Norway,258695000,Ro-Ro/Passenger Ship,1008,360,2013,Norwegian Sea
199,ABRAMIS,Norway,259582000,Tug,261,156,1982,Norwegian Sea
200,TAURANGA,Norway,258232000,Fish Carrier,500,800,2001,North Sea
201,SKANDI VEGA,Norway,257403000,Anchor Handling Vessel,2640,5750,2010,North Sea
202,DUTCH POWER,Netherlands,246607000,Tug,300,130,2009,Baltic Sea
203,PANTA RHEI,Netherlands,245169000,General Cargo,984,3755,2009,Skaggerak
204,MEDKON IZMIR,Panama,374818000,General Cargo,2020,8973,1995,Aegean Sea
205,SP AMBER,USA,368481000,Tug,448,628,2008,Gulf of Mexico
206,SP IVORY,USA,367331110,Tug,448,629,2008,Gulf of Mexico
207,TIDEFJORD,Norway,258220500,Ro-Ro/Passenger Ship,1938,1050,2008,Norwegian Sea
208,ZA RODINU,Russia,273399010,Fishing Vessel,192,134,2005,Baltic Sea
209,BLUE STAR PAROS,Greece,239924000,Ro-Ro/Passenger Ship,2356,1896,2002,Aegean Sea
210,DONGFANGQIANG,China,413695760,Container Ship,5250,32482,1996,Eastern China Sea
211,BASAT,Malta,249255000,Oil/Chemical Tanker,2508,10745,2008,North Sea
212,EMERALD INDAH,Singapore,564749000,Bulk Carrier,8208,77734,1998,Eastern China Sea
213,LEON,Greece,241506000,Tug,340,89,1983,Aegean Sea
214,SPAR CORVUS,Norway,259093000,Bulk Carrier,6080,58000,2011,North Pacific Ocean
215,M/V EIDHOLM,Norway,258293000,General Cargo,828,1826,1987,North Sea
216,WESER PILOT,Germany,211464260,Pilot Ship,1525,299,2009,North Sea
217,CAPE EAGLE,Liberia,636017448,Bulk Carrier,13140,181529,2012,Aegean Sea
218,GLAREA,Denmark,219244000,Suction Dredger,1148,2266,1971,North Sea
219,BELLA II,Marshall Is,538071319,Yacht,440,1,2008,Tyrrhenian Sea
220,MED SETUBAL,Portugal,263602553,Tug,330,118,1991,North Atlantic Ocean
221,ELINE,Norway,257095330,Fish Carrier,320,320,1982,North Sea
222,TAIBA,Tanzania,677098300,Livestock Carrier,1680,4193,1978,Aegean Sea
223,BLUE STAR DELOS,Greece,241087000,Ro-Ro/Passenger Ship,3480,2775,2011,Aegean Sea
224,BRUSSELS,Portugal,255806004,Container Ship,11120,68790,2000,North Sea
225,TIGRAN MARTIROSYAN,Russia,273152100,Pusher Tug,230,27,1989,Black Sea
226,VIRONO PRIDE,Liberia,636021245,Bulk Carrier,6080,58761,2009,North Sea
227,DUGI OTOK,Croatia,238250000,Crude Oil Tanker,10374,108414,2008,Baltic Sea
228,BERLIN,Germany,211727510,Ro-Ro/Passenger Ship,4590,5000,2014,Baltic Sea
229,GRAND BANKS,Namibia,659254000,Mining Vessel,2440,6648,1972,South Atlantic Ocean
230,PETRA I,Panama,354669000,Bulk Carrier,5490,42263,1991,Black Sea
231,STOLT SHEARWATER,Cayman Is,319402000,Oil/Chemical Tanker,1536,5498,1998,North Sea
232,MERRY STAR,St Kitts Nevis,341104000,Container Ship,1802,5918,1996,Persian Gulf
233,KING M,Panama,374560000,General Cargo,5096,32809,2012,Aegean Sea
234,KIKKI C,Portugal,255806480,General Cargo,1590,6750,2011,North Atlantic Ocean
235,DUTCH POWER,Netherlands,246607000,Tug,300,130,2009,Baltic Sea
236,CAPE EAGLE,Liberia,636017448,Bulk Carrier,13140,181529,2012,Aegean Sea
237,MEDKON IZMIR,Panama,374818000,General Cargo,2020,8973,1995,Aegean Sea
238,CONTSHIP FUN,Liberia,636019053,Container Ship,3058,11836,2006,Sea of Marmara
239,GLAREA,Denmark,219244000,Suction Dredger,1148,2266,1971,North Sea
240,MELODY,St Vincent Grenadines,376819000,General Cargo,1330,3658,1985,Baltic Sea
241,SVITZER THOR,Denmark,219015425,Tug,429,438,2011,Kattegat
242,ORATUULIA,Portugal,255806230,Oil/Chemical Tanker,1712,6090,2008,Baltic Sea
243,SARAH-B,Germany,218836000,General Cargo,891,2300,1995,Kattegat
244,SEA SHANNON,Netherlands,245334000,General Cargo,996,2268,1998,North Sea
245,GLOVER,Singapore,566103000,Oil Products Tanker,2124,7000,2011,Singapore Strait
246,FELLOWSHIP,Singapore,565744000,Oil Products Tanker,1782,7000,2008,Singapore Strait
247,VIRONO PRIDE,Liberia,636021245,Bulk Carrier,6080,58761,2009,North Sea
248,ROSI,Portugal,255805952,General Cargo,1157,3850,2010,Aegean Sea
249,SP IVORY,USA,367331110,Tug,448,629,2008,Gulf of Mexico
250,BLUE STAR DELOS,Greece,241087000,Ro-Ro/Passenger Ship,3480,2775,2011,Aegean Sea
251,CELSIUS PALERMO,Marshall Is,538008065,Oil Products Tanker,6138,53540,2010,English Channel
252,STI COMANDANTE,Marshall Is,538005397,Oil/Chemical Tanker,4968,37000,2014,Skaggerak
253,KAPITAN SULIMOV,Russia,273435580,Factory Trawler,1680,1810,1994,Barentsz Sea
254,KAAN DEVAL,Panama,372103000,Bulk Carrier,2040,7386,2008,Mediterranean Sea - Eastern Basin
255,LUNA E,Greenland,331999008,Fishing Vessel,315,500,2006,Kattegat
256,ATHLOS,Greece,240317300,General Cargo,1053,1976,1985,Aegean Sea
257,SAKIZAYA BRAVE,Panama,351170000,Bulk Carrier,7200,74940,2013,Mediterranean Sea - Eastern Basin
258,ERIC HAMMANN,Germany,218715000,General Cargo,708,1323,1991,Baltic Sea
259,KEY MARMARA,Malta,248891000,Oil/Chemical Tanker,1802,5825,2003,Kattegat
260,HEIMDAL R,Netherlands,244060659,Offshore Supply Ship,1596,3974,1997,Baltic Sea
261,ELBTRADER,Cyprus,212937000,Container Ship,3058,11000,2008,North Sea
262,MSC ELKE F,Cyprus,210731000,Container Ship,3080,11023,2005,Baltic Sea
263,HACI RUSTU K,Turkey,271002018,General Cargo,1040,2970,1987,Sea of Marmara
264,ARKLOW FALCON,Ireland,250002033,General Cargo,1350,4480,2010,Bay of Biscay
265,ERHAN,Malta,229164000,Bulk Carrier,5400,35176,2013,Aegean Sea
266,QUEEN B II,Cyprus,210296000,Container Ship,2527,8512,2009,Gulf of Mexico
267,CMA  CGM  GALICIA,Malta,229595000,Container Ship,3648,13172,2007,North Sea
268,TORM VOYAGER,Denmark,219028425,Oil/Chemical Tanker,5856,46026,2008,North Atlantic Ocean
269,LISTERLAND,Faroe Is,231026000,General Cargo,1170,4267,1994,Baltic Sea
270,MSC CAROUGE,Portugal,255805617,Container Ship,11320,47350,2007,English Channel
271,PACIFIC HONOUR,Singapore,566530000,Oil Products Tanker,1440,4785,2013,Singapore Strait
272,RED FALCON,United Kingdom,235014365,Ro-Ro/Passenger Ship,1692,766,1994,English Channel
273,MICHELANGELO TRADER,Malta,248893000,General Cargo,3234,12890,2004,Caribbean Sea
274,GLOMAR VANTAGE,Panama,372867000,Research/Survey Vessel,672,1250,1982,Baltic Sea
275,MOL ENDOWMENT,Panama,371836000,Container Ship,9408,62949,2007,Singapore Strait
276,CAPE FRIENDSHIP,Marshall Is,538006665,Bulk Carrier,13630,185879,2005,Mediterranean Sea - Eastern Basin
277,BERING,Russia,273290530,Offshore Supply Ship,1440,4115,1996,Japan Sea
278,DUBLIN SWIFT,Cyprus,209192000,Ro-Ro/Passenger Ship,2828,750,2001,Irish Sea and St. George's Channel
279,STENA JUTLANDICA,Sweden,265410000,Ro-Ro/Passenger Ship,6039,6559,1996,Kattegat
280,FINJA,Germany,211333700,Oil/Chemical Tanker,816,1335,2000,North Sea
281,OMSKIY-140,Russia,273315800,General Cargo,1635,3070,1989,Baltic Sea
282,BELLA II,Marshall Is,538071319,Yacht,440,1,2008,Tyrrhenian Sea
283,ALEGRE III,Marshall Is,538007717,Bulk Carrier,6048,55808,2007,The Coastal Waters of Southeast Alaska and British Columbia
284,STAR N,Panama,371982000,Oil/Chemical Tanker,4968,37836,2009,North Atlantic Ocean
285,KARMSUND,Denmark,219023116,Pallet Carrier,1260,2020,1979,Baltic Sea
286,COSMO,Italy,247079700,Oil/Chemical Tanker,1700,5885,2003,North Sea
287,ROZA A,Turkey,271001057,Container Ship,4536,19325,1997,Aegean Sea
288,STENA BRITANNICA,United Kingdom,235080274,Ro-Ro/Passenger Ship,7680,11600,2010,North Sea
289,ENERGETIC,Singapore,566007000,Oil Products Tanker,1615,6500,2011,Singapore Strait
290,AGATA,Italy,247052600,Ro-Ro/Passenger Ship,1168,1088,1973,Tyrrhenian Sea
291,GRAND BANKS,Namibia,659254000,Mining Vessel,2440,6648,1972,South Atlantic Ocean
292,EAST,Estonia,276854000,Oil Products Tanker,1027,2774,1992,Gulf of Finland
293,SARDIUS,Netherlands,246798000,General Cargo,1188,5265,2011,Gulf of Finland
294,PRINS RICHARD,Denmark,219000429,Ro-Ro/Passenger Ship,3692,2490,1997,Baltic Sea
295,W KYRENIA,Marshall Is,538009126,Container Ship,12900,88669,2001,North Sea
296,BRYANSTON,Marshall Is,538008380,Crude Oil Tanker,10248,105784,2005,North Atlantic Ocean
297,PUSAKA PRIMA,Malaysia,533130716,Asphalt/Bitumen Tanker,1908,4147,1996,Singapore Strait
298,DORADO 2,Latvia,275492000,Factory Trawler,938,1241,1989,Skaggerak
299,MAZARINE,Malta,249673000,Ro-Ro Cargo,5096,14552,2009,North Sea
300,FOUR BUTTERFLY,Malta,248505000,Bulk Carrier,5430,34423,2011,North Sea
301,ZEFYROS,Greece,240485000,Oil Products Tanker,1001,1999,2006,Aegean Sea
302,STENA NAUTICA,Sweden,265859000,Ro-Ro/Passenger Ship,3264,3676,1986,Kattegat
303,KRONOS,Faroe Is,231048000,Hopper Dredger,480,711,1964,Kattegat
304,RACER,Togo,671729000,General Cargo,836,871,1988,Japan Sea
305,TANKSKAR,Sweden,265550210,Tanker,296,333,1955,Kattegat
306,NS HELSE,Panama,357305000,General Cargo,880,2378,1992,Tyrrhenian Sea
307,EBRU,Russia,273335780,Oil/Chemical Tanker,1302,3510,2004,Gulf of Finland
308,BLUE CIMENT 3,Liberia,636020381,Cement Carrier,2640,15053,2010,Aegean Sea
309,BUMBLEBEE,Marshall Is,538008875,Bulk Carrier,6080,55628,2011,North Sea
310,STADIONGRACHT,Netherlands,246466000,General Cargo,4300,21250,2000,North Sea
311,MSC FIAMMETTA,Panama,372843000,Container Ship,11080,73355,2008,North Atlantic Ocean
312,SAIPEM 7000,Bahamas,309461000,Pipe Layer Platform,17640,100,1987,North Sea
313,SVEALAND,Norway,259119000,Pallet Carrier,966,1700,2008,North Sea
314,SINO STAR,Hong Kong,477642800,Oil/Chemical Tanker,5856,46219,2003,Persian Gulf
315,NEPTUNE THALASSA,Malta,215602000,Vehicles Carrier,4760,11253,2014,Balearic Sea
316,ILE D'AIX,France,228018600,Cable Layer,3344,8373,1992,North Sea
317,RAMON MARGALEF,Spain,224511000,Research/Survey Vessel,506,230,2011,Bay of Biscay
318,RIG,Malta,215818000,General Cargo,1131,3200,1989,North Sea
319,MEGA ANDREA,Italy,247356500,Ro-Ro/Passenger Ship,4760,3720,1986,Mediterranean Sea - Western Basin
320,INES CORRADO,Bahamas,311053600,Bulk Carrier,7328,81272,2012,Aegean Sea
321,EIDSVAAG VEGA,Norway,257808000,General Cargo,845,3704,2007,Norwegian Sea
322,PROMISE,Netherlands,245959000,General Cargo,1666,6500,2008,North Sea
323,ARGONAUT,Denmark,219461000,Suction Dredger,963,600,1960,Kattegat
324,FOX CHALLENGER,Norway,257785500,Tug,300,50,2007,North Sea
325,MERITA,Portugal,255805880,General Cargo,1584,4496,1985,Kattegat
326,FYKAN,Norway,259681000,Ro-Ro/Passenger Ship,560,459,1993,Norwegian Sea
327,SKULBAREN,Norway,259225000,Fishing Vessel,304,1,2007,Norwegian Sea
328,STEN HIDRA,Norway,258751000,Oil/Chemical Tanker,3312,16670,2007,North Sea
329,SIMRAD ECHO,Norway,258584000,Multi Purpose Offshore Vessel,216,20,1970,Skaggerak
330,TRANSPORTER 2,Germany,211226450,Waste Disposal Vessel,273,296,1987,North Sea
331,EMERALD INDAH,Singapore,564749000,Bulk Carrier,8208,77734,1998,Eastern China Sea
332,JUNO,Bahamas,311033600,Bulk Carrier,4536,29707,2011,North Atlantic Ocean
333,PELAGIC EXPRESS,Panama,372804000,General Cargo,1053,2639,2008,North Atlantic Ocean
334,KRISTIN,Antigua Barbuda,305486000,General Cargo,1632,4139,1986,Baltic Sea
335,PATUXENT,USA,367371830,Pusher Tug,363,200,2009,North Atlantic Ocean
336,SEABRAVERY,Malta,215782000,Crude Oil Tanker,10248,105042,2005,Gulf of Finland
337,ULYSSES,Cyprus,209952000,Ro-Ro/Passenger Ship,7344,9665,2001,Irish Sea and St. George's Channel
338,EUROPALINK,Finland,230699000,Ro-Ro/Passenger Ship,6420,9653,2007,Gulf of Bothnia
339,TUG RESPONSE,USA,366866930,Tug,560,408,2002,The Coastal Waters of Southeast Alaska and British Columbia
340,CARL W,Germany,211178650,Bunkering Tanker,266,288,1964,North Sea
341,BERGE LYNGOR,Panama,372960000,Bulk Carrier,15000,206312,2009,Indian Ocean
342,SILJA SYMPHONY,Sweden,265004000,Ro-Ro/Passenger Ship,6496,5340,1991,Gulf of Finland
343,GAMBE D AMFARD,France,228267600,Grab Hopper Dredger,840,1474,2007,English Channel
344,COTES DE BRETAGNE,France,227003850,Suction Hopper Dredger,825,2400,1998,Bay of Biscay
345,SIKINOS,Malta,256462000,Oil Products Tanker,1440,4595,2011,North Sea
346,ERHAN ARAZ,Turkey,271000388,General Cargo,1246,3784,1986,Sea of Marmara
347,BESKIDY,Liberia,636015817,Bulk Carrier,7328,82138,2013,Sea of Marmara
348,GREAT SAILOR,Vietnam,574002100,Chemical Tanker,2700,15389,1999,Singapore Strait
349,KING M,Panama,374560000,General Cargo,5096,32809,2012,Aegean Sea
350,BIANCA AMORETTI,Italy,247084400,Oil/Chemical Tanker,4400,29524,2003,Tyrrhenian Sea
351,ENERGETIC,Singapore,566007000,Oil Products Tanker,1615,6500,2011,Singapore Strait
352,YASNYY,Russia,273428510,Anchor Handling Vessel,1296,1329,1985,Barentsz Sea
353,DONGBANG SAPPHIRE,Korea,440103010,General Cargo,1380,4225,1996,Yellow Sea
354,TRANSUND,Malta,249863000,General Cargo,3146,16612,2002,Gulf of Finland
355,GLOMAR BALTIC,Panama,373857000,Standby Safety Vessel,288,608,1974,North Sea
356,KETTER,Malta,229344000,General Cargo,1235,5050,2000,Skaggerak
357,WALTHER HERWIG III,Germany,211215500,Fishery Research Vessel,896,561,1993,North Sea
358,MINERVA VIRGO,Greece,240730000,Oil/Chemical Tanker,5856,50921,2006,Gulf of Finland
359,BUMBLEBEE,Marshall Is,538008875,Bulk Carrier,6080,55628,2011,North Sea
360,SAETTA,Marshall Is,538008212,Crude Oil Tanker,10248,107023,2009,Skaggerak
361,RESOLVE PIONEER,USA,367303490,Pollution Control Vessel,756,960,1978,Bering Sea
362,SVEN D,Netherlands,244850970,Container Ship,2982,9604,2005,North Sea
363,SUSANNE A,Denmark,219012073,Ro-Ro/Passenger Ship,810,200,1969,Kattegat
364,NCC NASMA,Saudi Arabia,403515001,Oil/Chemical Tanker,5856,45550,2011,North Sea
365,PVT  DIAMOND,Panama,370135000,Bulk Carrier,6080,55623,2011,Japan Sea
366,LADY ANNEKE,Netherlands,246855000,General Cargo,1144,3718,2012,Baltic Sea
367,CELANDINE,Malta,249436000,Ro-Ro Cargo,4050,9415,2000,North Sea
368,ZENITH VOLOU,Greece,239945800,General Cargo,693,1591,1983,Aegean Sea
369,POLYBOTES,Belgium,205396000,Inland Ro-Ro Cargo Ship,1320,1150,2004,North Sea
370,CORAL PATULA,Netherlands,244870429,Lpg Tanker,2300,8571,2009,North Sea
371,ULYSSES,Cyprus,209952000,Ro-Ro/Passenger Ship,7344,9665,2001,Irish Sea and St. George's Channel
372,SEABRAVERY,Malta,215782000,Crude Oil Tanker,10248,105042,2005,Gulf of Finland
373,TUG RESPONSE,USA,366866930,Tug,560,408,2002,The Coastal Waters of Southeast Alaska and British Columbia
374,ARCTICA,Russia,273298600,Factory Trawler,2299,3372,1990,Barentsz Sea
375,SILJA SYMPHONY,Sweden,265004000,Ro-Ro/Passenger Ship,6496,5340,1991,Gulf of Finland
376,F/V WLA310,Poland,261004850,Trawler,144,126,1989,Baltic Sea
377,GUARDIANS,Panama,354409000,Oil/Chemical Tanker,1696,5529,1998,Bay of Biscay
378,MICHELANGELO TRADER,Malta,248893000,General Cargo,3234,12890,2004,Caribbean Sea
379,SPIRIT OF SINGAPORE,United Kingdom,232013524,Container Ship,8128,53093,2007,Singapore Strait
380,DUBLIN SWIFT,Cyprus,209192000,Ro-Ro/Passenger Ship,2828,750,2001,Irish Sea and St. George's Channel
381,CARL W,Germany,211178650,Bunkering Tanker,266,288,1964,North Sea
382,HACI RUSTU K,Turkey,271002018,General Cargo,1040,2970,1987,Sea of Marmara
383,DURO,Italy,247209600,Tug,310,265,2007,Ionian Sea
384,DANUBE HIGHWAY,Bahamas,308803000,Vehicles Carrier,3700,7788,2006,Kattegat
385,BREB BALTIYSK,Antigua Barbuda,304407000,General Cargo,1300,4419,2002,Baltic Sea
386,SUPERSPEED 1,Norway,259490000,Ro-Ro/Passenger Ship,5512,5400,2008,Skaggerak
387,FINNSKY,Finland,230622000,Ro-Ro Cargo,5668,11029,2012,Skaggerak
388,RIX PACIFIC,Cyprus,209332000,General Cargo,1080,3210,1998,Baltic Sea
389,THETIS,Netherlands,245354000,Tug,348,237,2003,North Sea
390,NYLAND,Cyprus,210438000,General Cargo,2057,6777,2009,Baltic Sea
391,RANGER,Cyprus,209696000,Container Ship,3102,9288,2005,North Sea
392,BUMBLEBEE,Marshall Is,538008875,Bulk Carrier,6080,55628,2011,North Sea
393,SIKINOS,Malta,256462000,Oil Products Tanker,1440,4595,2011,North Sea
394,SYLT EXPRESS,Cyprus,209392000,Ro-Ro/Passenger Ship,1408,660,2005,North Sea
395,EVER LIVEN,Taiwan,416481000,Container Ship,15410,104409,2013,Eastern China Sea
396,TOSTE R,Denmark,219000615,Trailing Suction Hopper Dredger,495,632,1992,Baltic Sea
397,FRISIA IV,Germany,211364460,Ro-Ro/Passenger Ship,994,326,2002,North Sea
398,SCHLESWIG-HOLSTEIN,Germany,211190000,Ro-Ro/Passenger Ship,3384,2904,1997,Baltic Sea
399,BITUMEN PRINCESS,Gabon,626073000,Asphalt/Bitumen Tanker,1819,5934,1995,Gulf of Oman
400,RESOLVE PIONEER,USA,367303490,Pollution Control Vessel,756,960,1978,Bering Sea
401,WILSON SAGA,Norway,257077520,General Cargo,1695,6489,1998,North Sea
402,ALONDRA,Denmark,219028212,General Cargo,1552,4550,1995,Mediterranean Sea - Eastern Basin
403,METAMAUCO,Italy,247290200,Ro-Ro/Passenger Ship,885,500,1998,Adriatic Sea
404,PVT  DIAMOND,Panama,370135000,Bulk Carrier,6080,55623,2011,Japan Sea
405,ROAZ,Portugal,255929000,Cement Carrier,1066,3500,1991,North Atlantic Ocean
406,OCEAN CHALLENGER,Ireland,250004312,Tug,363,430,1994,North Atlantic Ocean
407,SURATCHANYA,Thailand,567059800,Oil Products Tanker,1105,3367,1993,Gulf of Thailand
408,RANGER,Cyprus,209696000,Container Ship,3102,9288,2005,North Sea
409,M/V ENNY,Denmark,219164000,General Cargo,1204,3750,1980,Kattegat
410,NAVIGATOR MAGELLAN,Liberia,636015937,Lpg Tanker,4134,23292,1998,English Channel
411,KERTU,Malta,256956000,General Cargo,1515,4800,2005,Gulf of Finland
412,WO SHUN,Sierra Leone,667001839,Oil Products Tanker,1545,4997,1992,South China Sea
413,ROZA A,Turkey,271001057,Container Ship,4536,19325,1997,Aegean Sea
414,ZEYCAN ANA,Malta,248737000,General Cargo,1952,8500,2010,Mediterranean Sea - Western Basin
415,MAINE EHIME,Marshall Is,538004793,Bulk Carrier,6080,58105,2012,Tasman Sea
416,GENNADY TSYGANKOV,Russia,273355860,General Cargo,2240,9598,1988,Japan Sea
417,EVIA STAR,Greece,237363700,Ro-Ro/Passenger Ship,1305,940,1980,Aegean Sea
418,ABRAMIS,Norway,259582000,Tug,261,156,1982,Norwegian Sea
419,NOC 7,Singapore,563067430,Bunkering Tanker,450,799,2013,Singapore Strait
420,AZOV CONFIDENCE,Marshall Is,538009828,General Cargo,2556,8048,2007,Aegean Sea
421,ROSI,Portugal,255805952,General Cargo,1157,3850,2010,Aegean Sea
422,TOSTE R,Denmark,219000615,Trailing Suction Hopper Dredger,495,632,1992,Baltic Sea
423,KEY SOUTH,Malta,248221000,Oil/Chemical Tanker,1853,6412,2010,Norwegian Sea
424,COMMANDER,Russia,273294580,Offshore Supply Ship,2000,4800,2006,Baltic Sea
425,VEIDNES,Norway,259237000,Fish Carrier,510,650,2002,Barentsz Sea
426,THULELAND,Sweden,266248000,Ro-Ro Cargo,4940,13800,2006,Baltic Sea
427,CITY OF WESTMINSTER,United Kingdom,232000790,Suction Dredger,1683,6604,1990,North Sea
428,SKONNERTEN JYLLAND.,Denmark,220276000,Passengers Ship,186,218,1951,North Sea
429,GLAREA,Denmark,219244000,Suction Dredger,1148,2266,1971,North Sea
430,CHINA TRIUMPH,Hong Kong,477091400,Bulk Carrier,15000,203028,2011,North Pacific Ocean
431,PAVINO,Panama,356161000,Oil/Chemical Tanker,1802,5707,2005,North Sea
432,SILJA SYMPHONY,Sweden,265004000,Ro-Ro/Passenger Ship,6496,5340,1991,Gulf of Finland
433,SCHLESWIG-HOLSTEIN,Germany,211190000,Ro-Ro/Passenger Ship,3384,2904,1997,Baltic Sea
434,NOBLE 1,Comoros,620604000,General Cargo,1472,4500,1981,Aegean Sea
435,OCEAN AQUILA,United Kingdom,232026422,Fish Carrier,420,650,2001,Inner Seas off the West Coast of Scotland
436,QUEEN OF CAPILANO,Canada,316001247,Ro-Ro/Passenger Ship,2112,602,1991,The Coastal Waters of Southeast Alaska and British Columbia
437,FINNSEA,Finland,230618000,Ro-Ro Cargo,5886,11029,2011,Gulf of Finland
438,AURA,USA,367560980,Tug,390,200,2013,Gulf of Mexico
439,ANDREA,Gibraltar,236481000,Container Ship,3082,11285,2005,Skaggerak
440,ARGYLE,United Kingdom,235052541,Ro-Ro/Passenger Ship,1400,452,2007,Inner Seas off the West Coast of Scotland
441,ATLANTIC,Denmark,219252000,Oil Products Tanker,1545,6019,2002,Kattegat
442,BALTIC,Marshall Is,538002073,Oil/Chemical Tanker,4914,37237,2003,Aegean Sea
443,TAIBA,Tanzania,677098300,Livestock Carrier,1680,4193,1978,Aegean Sea
444,POLYBOTES,Belgium,205396000,Inland Ro-Ro Cargo Ship,1320,1150,2004,North Sea
445,PR MAXIMA,Netherlands,244169000,Passengers Ship,629,100,2004,North Sea
446,NORTHERN GENERAL,Liberia,636091381,Container Ship,8448,53870,2008,North Atlantic Ocean
447,ULTRA REGINA,Panama,352057000,Bulk Carrier,6400,61424,2013,Irish Sea and St. George's Channel
448,MERSEY ENDURANCE,United Kingdom,235099933,Inland Tanker,2580,1650,2012,Irish Sea and St. George's Channel
449,CE-HAMILTON,Marshall Is,538008329,Crude Oil Tanker,13152,158769,2009,Aegean Sea
450,DANUBE HIGHWAY,Bahamas,308803000,Vehicles Carrier,3700,7788,2006,Kattegat
451,AGAT N,Russia,273354420,Tug,396,411,2009,Black Sea
452,THUN GEMINI,Netherlands,245610000,Oil/Chemical Tanker,1710,7559,2003,North Atlantic Ocean
453,HAV STREYM,Faroe Is,231251000,General Cargo,1079,3405,1996,North Sea
454,SAXONA,Liberia,636012771,General Cargo,1600,5069,2005,Aegean Sea
455,MV GRAND TAJIMA ONE,Panama,355438000,General Cargo,2520,12922,2006,Gulf of Thailand
456,BREB BALTIYSK,Antigua Barbuda,304407000,General Cargo,1300,4419,2002,Baltic Sea
457,AYANE,Malta,248791000,Oil/Chemical Tanker,3312,16971,2010,Rio de La Plata
458,ORO,Denmark,219003141,Vehicles Carrier,420,125,2003,Kattegat
459,PETER MADSEN,Denmark,219001262,Grab Dredger,264,183,1968,Kattegat
460,FYNSHAV,Denmark,219000577,Ro-Ro/Passenger Ship,1104,489,1998,Kattegat
461,CELANDINE,Malta,249436000,Ro-Ro Cargo,4050,9415,2000,North Sea
462,ISOLA DI S. PIETRO,Italy,247097500,Passengers Ship,322,35,1992,Tyrrhenian Sea
463,ZENITH VOLOU,Greece,239945800,General Cargo,693,1591,1983,Aegean Sea
464,FINNSKY,Finland,230622000,Ro-Ro Cargo,5668,11029,2012,Skaggerak
465,ILOVIK,Croatia,238796840,Ro-Ro/Passenger Ship,1728,1030,2006,Adriatic Sea
466,FINNSEA,Finland,230618000,Ro-Ro Cargo,5886,11029,2011,Gulf of Finland
467,ARACARI ARROW,Bahamas,311044300,General Cargo,6200,46956,1992,North Atlantic Ocean
468,TRICA,Netherlands,244912000,Ro-Ro Cargo,5330,18250,2007,Gulf of Finland
469,SURATCHANYA,Thailand,567059800,Oil Products Tanker,1105,3367,1993,Gulf of Thailand
470,STAVANGERFJORD,Norway,259386000,Ro-Ro/Passenger Ship,2451,1025,2007,North Sea
471,MTT TAWAU,Malaysia,533130926,Container Ship,4890,14099,1997,Singapore Strait
472,DELAWARE EXPRESS,USA,367422000,Container Ship,12240,85517,2008,North Sea
473,MSC JOY,Panama,356037000,Container Ship,6262,31160,1992,North Sea
474,HACI RUSTU K,Turkey,271002018,General Cargo,1040,2970,1987,Sea of Marmara
475,NORDIC APOLLO,Marshall Is,538001820,Crude Oil Tanker,13152,159988,2003,Gulf of Oman
476,BBC CHALLENGER,Antigua Barbuda,305315000,General Cargo,2628,11200,2008,Persian Gulf
477,DREAM DIAMOND,Panama,372290000,Vehicles Carrier,5208,15069,2007,North Pacific Ocean
478,MAI LEHMANN,Antigua Barbuda,305804000,General Cargo,1260,4135,1999,Kattegat
479,FAIRPLAY 24,Antigua Barbuda,305440000,Tug,385,317,1998,North Sea
480,DIAMANTGRACHT,Netherlands,244142000,General Cargo,3611,17966,2009,Ionian Sea
481,PERSEUS,Latvia,275524000,Container Ship,2394,7594,1995,North Sea
482,OKYROE,Marshall Is,538002621,Crude Oil Tanker,7296,74999,2004,Kattegat
483,ENERGETIC,Singapore,566007000,Oil Products Tanker,1615,6500,2011,Singapore Strait
484,BBC NILE,Antigua Barbuda,305682000,General Cargo,3289,16991,2011,Aegean Sea
485,ILOVIK,Croatia,238796840,Ro-Ro/Passenger Ship,1728,1030,2006,Adriatic Sea
486,WOLF,Germany,218767000,Tug,256,180,1993,North Sea
487,MAERSK NIAGARA,Hong Kong,477170400,Container Ship,6300,33434,2008,North Atlantic Ocean
488,VB NORA,Senegal,663076000,Tug,300,107,2002,North Atlantic Ocean
489,BEKS SWAN,Marshall Is,538009800,Crude Oil Tanker,10290,108929,2009,Gulf of Oman
490,GENERAL ASLANOV,Azerbaijan,423035100,General Cargo,1712,5499,2005,Ionian Sea
491,THOR R,Denmark,219573000,Trailing Suction Hopper Dredger,1176,2087,1984,Baltic Sea
492,ZINGST,Germany,211228710,Trailing Suction Hopper Dredger,780,1781,1995,Baltic Sea
493,FEDERAL SHIMANTO,Marshall Is,538004244,Bulk Carrier,4370,32787,2001,Baltic Sea
494,SARNIA LIBERTY,Gibraltar,236399000,Oil Products Tanker,1280,3515,2008,North Sea
495,HAKATA VOYAGER,Korea,441973000,Container Ship,2580,8217,2005,Japan Sea
496,EUROPALINK,Finland,230699000,Ro-Ro/Passenger Ship,6420,9653,2007,Gulf of Bothnia
497,HALTBAKK BUNKER,Sweden,266225000,Oil Products Tanker,400,400,1987,Norwegian Sea
498,BOKA ATLANTIS,Marshall Is,538003646,Diving Support Vessel,2552,5662,2011,North Sea
499,ANNA,Korea,441405000,General Cargo,1134,3331,2006,Yellow Sea
500,SEASPAN HANNOVER,Hong Kong,477302200,Container Ship,5796,33742,2006,South Pacific Ocean
501,SOVEREIGN,USA,367546770,Offshore Supply Ship,612,1200,1980,The Coastal Waters of Southeast Alaska and British Columbia
502,SD REBEL,Malta,229097000,Tug,280,629,2012,North Sea
503,VB LLEVANT,Spain,225437000,Tug,341,300,2011,Balearic Sea
504,SAFEEN PEARL,UAE,470192000,Container Ship,3197,11768,2011,Persian Gulf
505,MARS SUN,Liberia,636016505,Crude Oil Tanker,10248,115536,2006,Black Sea
506,SILJA SYMPHONY,Sweden,265004000,Ro-Ro/Passenger Ship,6496,5340,1991,Gulf of Finland
507,DANCING WATER,Netherlands,246683000,Tug,114,68,1993,North Sea
508,WADDEN 2,Cyprus,209099000,Motor Hopper,660,1536,1980,Baltic Sea
509,COLOMBIAN STAR,Liberia,636014240,Reefer,4440,10371,1998,North Sea
510,QI HANG,Sierra Leone,667001761,General Cargo,1105,3720,1991,Philippine Sea
511,SVITZER NEWSTEAD,Australia,503194600,Tug,220,150,2007,Coral Sea
512,OCEAN AQUILA,United Kingdom,232026422,Fish Carrier,420,650,2001,Inner Seas off the West Coast of Scotland
513,KAYE E MORAN,USA,366920510,Tug,234,136,2003,North Atlantic Ocean
514,CHRISTINA,Liberia,636091866,General Cargo,1596,6050,2009,North Sea
515,ZINGST,Germany,211228710,Trailing Suction Hopper Dredger,780,1781,1995,Baltic Sea
516,ATLANTIC BEAVER,Canada,316012539,Tug,360,190,2008,North Atlantic Ocean
517,SMART RISING,Panama,370335000,General Cargo,1600,6053,2009,North Pacific Ocean
518,AIAKOS,Greece,237592700,Ro-Ro/Passenger Ship,1394,717,2002,Aegean Sea
519,FRISIA IV,Germany,211364460,Ro-Ro/Passenger Ship,994,326,2002,North Sea
520,ARCHON MICHAEL,Palau,511100571,General Cargo,1040,1600,1979,Aegean Sea
521,RAMFORM VANGUARD,Norway,257773000,Research/Survey Vessel,3400,5200,1999,Aegean Sea
522,PULPCA,Netherlands,245097000,Ro-Ro Cargo,5330,18250,2008,Baltic Sea
523,STENA NAUTICA,Sweden,265859000,Ro-Ro/Passenger Ship,3264,3676,1986,Kattegat
524,FINNMERCHANT,Finland,230650000,Ro-Ro Cargo,5018,13274,2003,Baltic Sea
525,NILS DACKE,Cyprus,212499000,Ro-Ro/Passenger Ship,5012,6538,1995,Baltic Sea
526,GENNADY TSYGANKOV,Russia,273355860,General Cargo,2240,9598,1988,Japan Sea
527,LA SUPERBA,Italy,247056100,Ro-Ro/Passenger Ship,6510,9750,2002,Tyrrhenian Sea
528,ENERGETIC,Singapore,566007000,Oil Products Tanker,1615,6500,2011,Singapore Strait
529,JOY M,Panama,353312000,Bulk Carrier,2880,13759,1993,Tyrrhenian Sea
530,MAI LEHMANN,Antigua Barbuda,305804000,General Cargo,1260,4135,1999,Kattegat
531,LUCA IEVOLI,Italy,247069600,Oil/Chemical Tanker,1500,5207,2002,Ionian Sea
532,ARGONAUT,Denmark,219461000,Suction Dredger,963,600,1960,Kattegat
533,MSC QINGDAO,Liberia,636019331,Container Ship,13889,99600,2004,Ionian Sea
534,FICARIA SEAWAYS,Denmark,220464000,Ro-Ro Cargo,6930,14300,2006,North Sea
535,WOLF,Germany,218767000,Tug,256,180,1993,North Sea
536,LYRIKA,Lithuania,277344000,General Cargo,1068,2350,1994,Kattegat
537,DEE FISHER,Gibraltar,236445000,Oil/Chemical Tanker,1500,4653,2006,North Sea
538,PRESTIGIOUS,Marshall Is,538007608,Oil Products Tanker,7328,72908,2003,Gulf of Oman
539,MSC CAROUGE,Portugal,255805617,Container Ship,11320,47350,2007,English Channel
540,STENA  FLAVIA,Denmark,219560000,Ro-Ro/Passenger Ship,4650,7000,2008,Baltic Sea
541,EPIDAMN II,Albania,201100182,Tug,290,143,1988,Adriatic Sea
542,ILOVIK,Croatia,238796840,Ro-Ro/Passenger Ship,1728,1030,2006,Adriatic Sea
543,CHARA,Russia,273441770,General Cargo,2023,6553,1978,Japan Sea
544,SVETI MARKO,Croatia,238085840,Tug,280,145,2007,Adriatic Sea
545,AIAKOS,Greece,237592700,Ro-Ro/Passenger Ship,1394,717,2002,Aegean Sea
546,NILS DACKE,Cyprus,212499000,Ro-Ro/Passenger Ship,5012,6538,1995,Baltic Sea
547,ARCHON MICHAEL,Palau,511100571,General Cargo,1040,1600,1979,Aegean Sea
548,MARGARETE SCHULTE,Malta,249837000,Container Ship,6300,34457,2006,North Sea
549,CITY OF WESTMINSTER,United Kingdom,232000790,Suction Dredger,1683,6604,1990,North Sea
550,FINNSEA,Finland,230618000,Ro-Ro Cargo,5886,11029,2011,Gulf of Finland
551,OBERON,Sweden,266283000,Vehicles Carrier,7424,30134,2008,North Sea
552,SUSANNE THERESA,Denmark,220447000,Oil/Chemical Tanker,1302,3464,2006,North Sea
553,STOLT SHEARWATER,Cayman Is,319402000,Oil/Chemical Tanker,1536,5498,1998,North Sea
554,PUTFORD VIKING,United Kingdom,232003319,Standby Safety Vessel,840,2069,1976,North Sea
555,HNLMS LUYMES,Netherlands,245939000,Naval Research Vessel,1148,825,2004,North Sea
556,SMART RISING,Panama,370335000,General Cargo,1600,6053,2009,North Pacific Ocean
557,MAI LEHMANN,Antigua Barbuda,305804000,General Cargo,1260,4135,1999,Kattegat
558,DEE FISHER,Gibraltar,236445000,Oil/Chemical Tanker,1500,4653,2006,North Sea
559,ENERGETIC,Singapore,566007000,Oil Products Tanker,1615,6500,2011,Singapore Strait
560,ESTRADEN,Finland,230917000,Ro-Ro Cargo,4238,9741,1999,North Sea
561,DIAMANTGRACHT,Netherlands,244142000,General Cargo,3611,17966,2009,Ionian Sea
562,SOUND SOLUTION,Gibraltar,236111925,Utility Vessel,250,172,2009,Baltic Sea
563,ARGONAUT,Denmark,219461000,Suction Dredger,963,600,1960,Kattegat
564,MSC CAROUGE,Portugal,255805617,Container Ship,11320,47350,2007,English Channel
565,STENA  FLAVIA,Denmark,219560000,Ro-Ro/Passenger Ship,4650,7000,2008,Baltic Sea
566,PRESTIGIOUS,Marshall Is,538007608,Oil Products Tanker,7328,72908,2003,Gulf of Oman
567,HOKUYO MARU,Japan,431501083,Limestone Carrier,2460,10750,1998,North Pacific Ocean
568,GNV AZZURRA,Italy,247237700,Ro-Ro/Passenger Ship,4563,3630,1981,Ionian Sea
569,IBAIZABAL OCHO,Spain,224640870,Tug,360,413,2010,Bay of Biscay
570,BETTY K VIII,Cook Is,518630000,General Cargo,1001,1492,1984,North Atlantic Ocean
571,COASTAL CHARIOT,Netherlands,244770069,Work Vessel,396,247,2014,Baltic Sea
572,WOLF,Germany,218767000,Tug,256,180,1993,North Sea
573,SOVEREIGN,USA,367546770,Offshore Supply Ship,612,1200,1980,The Coastal Waters of Southeast Alaska and British Columbia
574,GRANDE DETROIT,Italy,247186300,Vehicles Carrier,5456,12420,2005,North Sea
575,MV GRAND TAJIMA ONE,Panama,355438000,General Cargo,2520,12922,2006,Gulf of Thailand
576,CELTIC WARRIOR,United Kingdom,235108405,General Cargo,1260,4123,1996,Kattegat
577,HERMES,Greece,240391000,Tug,243,183,1993,Ionian Sea
578,FICARIA SEAWAYS,Denmark,220464000,Ro-Ro Cargo,6930,14300,2006,North Sea
579,SYN ZUBE,Italy,247235100,Lpg Tanker,1400,4027,2008,North Sea
580,NORDNES,Netherlands,244962000,Pipe Burying Vessel,4316,25063,2001,North Sea
581,WILSON SAGA,Norway,257077520,General Cargo,1695,6489,1998,North Sea
582,HARUN,Cyprus,209531000,General Cargo,1554,6000,2008,North Sea
583,BILLEFJORD,Faroe Is,231219000,Passengers Ship,280,114,1986,Norwegian Sea
584,BETTY K VIII,Cook Is,518630000,General Cargo,1001,1492,1984,North Atlantic Ocean
585,EN AVANT 20,Netherlands,244790685,Tug,384,254,2007,North Sea
586,EEMS-DART,Gibraltar,236453000,General Cargo,1068,3725,2002,North Sea
587,SEATRUCK POWER,United Kingdom,235090183,Ro-Ro Cargo,3692,5300,2012,Irish Sea and St. George's Channel
588,WARNOW CHIEF,Cyprus,209138000,Container Ship,4500,21191,2009,Coral Sea
589,WILD PEONY,Bahamas,311000804,Reefer,3300,10110,1998,Skaggerak
590,POLAN,Panama,373888000,Crude Oil Tanker,8288,76020,1999,Persian Gulf
591,EM HYDRA,Liberia,636014956,Container Ship,4698,23679,2005,North Atlantic Ocean
592,MILA,Moldova,214182784,General Cargo,1482,4361,1972,Sea of Marmara
593,AYER MANIS,Singapore,563001270,Water Tanker,387,499,1993,Singapore Strait
594,DEUTSCHLAND,Germany,211188000,Ro-Ro/Passenger Ship,3384,2904,1997,Baltic Sea
595,TAYEB 1,Morocco,242134100,Tug,208,110,2013,North Atlantic Ocean
596,LADY OF CHICHESTER,Malta,249127000,Suction Dredger,720,1726,1970,North Sea
597,TUZLA,Vanuatu,577537000,General Cargo,1204,3943,1980,Sea of Marmara
598,SHARON M I,Canada,316024256,Tug,385,359,1994,North Atlantic Ocean
599,STAVANGERFJORD,Norway,259386000,Ro-Ro/Passenger Ship,2451,1025,2007,North Sea
600,SJERNAROY,Norway,259593000,Ro-Ro/Passenger Ship,910,405,1999,North Sea
601,LA SUPERBA,Italy,247056100,Ro-Ro/Passenger Ship,6510,9750,2002,Tyrrhenian Sea
602,GLOBAL MERMAID,Panama,370295000,Bulk Carrier,5133,33738,2010,Tasman Sea
603,NORNE,Norway,258763000,General Cargo,1410,4818,1996,Kattegat
604,FAIRPLAY 24,Antigua Barbuda,305440000,Tug,385,317,1998,North Sea
605,TANKSKAR,Sweden,265550210,Tanker,296,333,1955,Kattegat
606,ENFORCER,Netherlands,244597000,Container Ship,2835,9450,2004,Baltic Sea
607,GOLDEN DRAGON 338,Hong Kong,477995140,Oil Products Tanker,1250,1600,2006,South China Sea
608,ALAND,United Kingdom,235050837,General Cargo,1972,7055,2007,Gulf of Finland
609,RAMFORM VANGUARD,Norway,257773000,Research/Survey Vessel,3400,5200,1999,Aegean Sea
610,VISSEL,Luxembourg,253736000,Oil Products Tanker,744,1561,2007,North Sea
611,ORIENTAL NAVIGATOR,Korea,441969000,Bulk Carrier,13005,172940,1999,North Pacific Ocean
612,ANDOR,Russia,273383040,General Cargo,1391,3506,1974,Black Sea
613,WHITSTAR,United Kingdom,235007880,Oil Products Tanker,1050,3185,2004,Strait of Gibraltar
614,PIONEER,Netherlands,246646000,General Cargo,2112,11048,2010,Baltic Sea
615,MAERSK RESOLVE,Singapore,563486000,Drilling Jack Up,18900,5098,2009,North Sea
616,SPECIALITY,United Kingdom,235098053,Oil/Chemical Tanker,1710,4426,2006,North Sea
617,GROTON,Liberia,636017309,Container Ship,6360,34554,2002,North Pacific Ocean
618,LADY ANNEKE,Netherlands,246855000,General Cargo,1144,3718,2012,Baltic Sea
619,WILSON TEES,Barbados,314554000,General Cargo,1144,3695,1997,Baltic Sea
620,FREDERIK,Antigua Barbuda,304374000,Container Ship,3875,18457,2005,North Atlantic Ocean
621,TRANSUND,Malta,249863000,General Cargo,3146,16612,2002,Gulf of Finland
622,EMERALD INDAH,Singapore,564749000,Bulk Carrier,8208,77734,1998,Eastern China Sea
623,WAN HAI 311,Singapore,563485000,Container Ship,6816,32937,2005,North Pacific Ocean
624,MSC POH LIN,Panama,357405000,Container Ship,9114,66786,2004,North Pacific Ocean
625,SIEM AMETHYST,Norway,259801000,Anchor Handling Vessel,2024,4250,2011,Great Australian Bight
626,RAQUEL S,Portugal,255806136,Container Ship,4816,21442,2009,North Atlantic Ocean
627,MEGA ANDREA,Italy,247356500,Ro-Ro/Passenger Ship,4760,3720,1986,Mediterranean Sea - Western Basin
628,EMMAKRIS III,Panama,357807000,Bulk Carrier,7200,73281,2000,Mediterranean Sea - Eastern Basin
629,KRISTIN,Antigua Barbuda,305486000,General Cargo,1632,4139,1986,Baltic Sea
630,IEVOLI BLACK,Italy,247332100,Anchor Handling Vessel,1120,2064,2010,Inner Seas off the West Coast of Scotland
631,TERNVAG,Denmark,219081000,Oil/Chemical Tanker,3102,14803,2003,Kattegat
632,RUTH BORCHARD,Marshall Is,538005024,Container Ship,4293,15313,2000,Mediterranean Sea - Eastern Basin
633,CLYDE FISHER,Bahamas,311855000,Oil/Chemical Tanker,2540,12984,2005,North Sea
634,HACI RUSTU K,Turkey,271002018,General Cargo,1040,2970,1987,Sea of Marmara
635,SUPERSPEED 1,Norway,259490000,Ro-Ro/Passenger Ship,5512,5400,2008,Skaggerak
636,HASAN G,Guyana,750994000,General Cargo,1785,6830,1996,Aegean Sea
637,LEADER M,Togo,671550000,General Cargo,1410,5028,1977,Mediterranean Sea - Eastern Basin
638,INCE BEYLERBEYI,Singapore,563088400,Bulk Carrier,6368,61429,2012,Mediterranean Sea - Eastern Basin
639,GOLDEN STAR 1,Panama,370591000,General Cargo,3300,2444,1995,Singapore Strait
640,VIZANTIN,Russia,273420740,General Cargo,1482,3346,1973,Black Sea
641,DOBRYNYA,Russia,273351080,Tug,261,139,2010,Gulf of Finland
642,IEVOLI BLACK,Italy,247332100,Anchor Handling Vessel,1120,2064,2010,Inner Seas off the West Coast of Scotland
643,WILSON GIJON,Barbados,314194000,General Cargo,1144,3689,1993,North Sea
644,ANAFI WARRIOR,Greece,241408000,Crude Oil Tanker,9954,107593,2009,Aegean Sea
645,MARIA COSULICH,Singapore,565006000,Oil Products Tanker,1782,7032,2005,Singapore Strait
646,MAINE EHIME,Marshall Is,538004793,Bulk Carrier,6080,58105,2012,Tasman Sea
647,OCEAN TULIP,Marshall Is,538007242,Bulk Carrier,6048,52481,2006,Gulf of Oman
648,SAIPEM CONSTELLATION,Bahamas,311000806,Pipelay Crane Vessel,8544,32000,2014,North Atlantic Ocean
649,MEGA ANDREA,Italy,247356500,Ro-Ro/Passenger Ship,4760,3720,1986,Mediterranean Sea - Western Basin
650,ANL WANGARATTA,Malta,215167000,Container Ship,8613,50596,2008,Alboran Sea
651,MEDWAY,Cyprus,209416000,Trailing Suction Hopper Dredger,2520,7347,2012,North Sea
652,PERSEUS,Latvia,275524000,Container Ship,2394,7594,1995,North Sea
653,AYER MANIS,Singapore,563001270,Water Tanker,387,499,1993,Singapore Strait
654,COMMODORE CLIPPER,Bahamas,308094000,Ro-Ro/Passenger Ship,3380,4504,1999,English Channel
655,ESPOIR,Netherlands,244279000,Container Ship,4368,21231,2011,Baltic Sea
656,NORWEGIAN SPIRIT,Bahamas,311746000,Passengers Ship,9684,8530,1998,South China Sea
657,SATURN,Estonia,276588000,Tug,152,46,2004,Gulf of Bothnia
658,MSC MELATILDE,Panama,357240000,Container Ship,18250,165477,2010,North Sea
659,LADY ANNEKE,Netherlands,246855000,General Cargo,1144,3718,2012,Baltic Sea
660,ELBSUN,Portugal,255806370,Container Ship,3243,11000,2012,Gulf of Finland
661,SENATA,Luxembourg,253683000,Bulk Carrier,2820,12898,2008,Sea of Marmara
662,TAURUS,Poland,261003330,Tug,300,125,2001,Baltic Sea
663,AMBER ARROW,Bahamas,311695000,Vehicles Carrier,6400,21120,2004,The Coastal Waters of Southeast Alaska and British Columbia
664,LA GIRONDE,France,227009610,Ro-Ro/Passenger Ship,1404,600,2002,Bay of Biscay
665,EBENEZER,Australia,503000370,General Cargo,336,1000,1996,Tasman Sea
666,RO MASTER,Norway,259183000,Fish Carrier,1080,3090,2007,Norwegian Sea
667,PAROS,Panama,354290000,Crude Oil Tanker,10374,107197,2003,Mediterranean Sea - Eastern Basin
668,HACI RUSTU K,Turkey,271002018,General Cargo,1040,2970,1987,Sea of Marmara
669,AFON CADNANT,Cyprus,209895000,Anchor Handling Vessel,385,315,2007,Persian Gulf
670,BEKS SWAN,Marshall Is,538009800,Crude Oil Tanker,10290,108929,2009,Gulf of Oman
671,GOLDEN STAR 1,Panama,370591000,General Cargo,3300,2444,1995,Singapore Strait
672,GREEN KARMOY,Bahamas,311009400,Reefer,1962,6120,1989,North Atlantic Ocean
673,MAZARINE,Malta,249673000,Ro-Ro Cargo,5096,14552,2009,North Sea
674,AKUL,Poland,261521000,Tug,320,300,2003,Baltic Sea
675,WADI SAFAD,UAE,470533000,Tug,245,378,1999,Gulf of Oman
676,SUN VIEW,Korea,441716000,General Cargo,1764,6397,2000,Yellow Sea
677,HORIZON GEODISCOVERY,Panama,355847000,Offshore Supply Ship,1660,4195,2002,North Sea
678,FAIRPLAY-34,Antigua Barbuda,304027000,Tug,518,627,2010,North Sea
679,MV CORAL STAR,Cyprus,209849000,Container Ship,6660,39316,2006,Persian Gulf
680,EMINENCE,Singapore,565894000,Oil Products Tanker,516,668,2010,Singapore Strait
681,KRISTIN,Antigua Barbuda,305486000,General Cargo,1632,4139,1986,Baltic Sea
682,TRUBADUREN,Sweden,265579090,Passengers Ship,320,51,1966,Kattegat
683,DIDE,Germany,211254620,General Cargo,280,310,1901,North Sea
684,ZEEZAND EXPRESS,Netherlands,246384000,Trailing Suction Hopper Dredger,720,1500,1982,North Sea
685,NORWEGIAN SPIRIT,Bahamas,311746000,Passengers Ship,9684,8530,1998,South China Sea
686,RASANT,Italy,247599000,Pusher Tug,240,78,1973,Adriatic Sea
687,MSC MELATILDE,Panama,357240000,Container Ship,18250,165477,2010,North Sea
688,TZAREVICH,Malta,248306000,Bulk Carrier,4200,21470,1998,Adriatic Sea
689,HAMBURG. S,Palau,511100513,General Cargo,2304,10560,1993,Mediterranean Sea - Eastern Basin
690,ENFORCER,Netherlands,244597000,Container Ship,2835,9450,2004,Baltic Sea
691,COSMO,Italy,247079700,Oil/Chemical Tanker,1700,5885,2003,North Sea
692,VB ROENNEBECK,Germany,211717470,Tug,270,144,1977,North Sea
693,PAROS,Panama,354290000,Crude Oil Tanker,10374,107197,2003,Mediterranean Sea - Eastern Basin
694,FIGARO,Sweden,266338000,Vehicles Carrier,7392,30140,2011,North Sea
695,BKM 102,Cyprus,210952000,Utility Vessel,260,226,1999,South China Sea
696,CETUS,Morocco,242761300,Trawler,583,1181,1987,North Atlantic Ocean
697,LADY ANNEKE,Netherlands,246855000,General Cargo,1144,3718,2012,Baltic Sea
698,DAISY,Ukraine,272793000,General Cargo,1368,3353,1981,Sea of Marmara
699,ACCORD,Greece,239998600,Oil Products Tanker,1155,2562,1983,Aegean Sea
700,CLYDE FISHER,Bahamas,311855000,Oil/Chemical Tanker,2540,12984,2005,North Sea
701,URAN,Poland,261269000,Tug,279,251,2001,Baltic Sea
702,RO MASTER,Norway,259183000,Fish Carrier,1080,3090,2007,Norwegian Sea
703,VOIMA,Finland,230291000,Icebreaker,1680,4486,1954,Gulf of Finland
704,HACI RUSTU K,Turkey,271002018,General Cargo,1040,2970,1987,Sea of Marmara
705,STENBERG,Norway,259079000,Oil/Chemical Tanker,3312,16600,2003,North Sea
706,TRANSUND,Malta,249863000,General Cargo,3146,16612,2002,Gulf of Finland
707,MAZARINE,Malta,249673000,Ro-Ro Cargo,5096,14552,2009,North Sea
708,FLORETGRACHT,Netherlands,246614000,General Cargo,2603,12067,2012,North Sea
709,ALEGRE III,Marshall Is,538007717,Bulk Carrier,6048,55808,2007,The Coastal Waters of Southeast Alaska and British Columbia
710,CAPITAINE DAMPIER,Singapore,563007700,Container Ship,4810,22968,2001,South Pacific Ocean
711,JORK RULER,Cyprus,210008000,Container Ship,2961,9331,2006,English Channel
712,EUROLEADER,Liberia,636018733,Crude Oil Tanker,13152,159062,2005,Gulf of Oman
713,BERENICE PRIDE,Panama,357776000,Oil Products Tanker,7296,68467,2001,Gulf of Oman
714,TA CHENG,Taiwan,416004109,General Cargo,1485,4433,1995,South China Sea
715,YM PLUTO,Malta,249957000,Oil/Chemical Tanker,2040,6970,2009,Ligurian Sea
716,THUN GRANITE,Netherlands,244734000,Oil/Chemical Tanker,1725,7559,2004,North Sea
717,REGINA OLDENDORFF,Liberia,636092979,Bulk Carrier,11180,118000,2011,Indian Ocean
718,MSC SAMIRA III,Liberia,636020952,Container Ship,6360,34295,2009,Kattegat
719,SAAM UXMAL,Mexico,345160012,Tug,234,134,2009,Gulf of Mexico
720,IRMGARD,Cayman Is,319137500,Bulk Carrier,5400,38167,2012,Baltic Sea
721,AMADEUS DIAMOND,Netherlands,245014000,General Cargo,1080,2953,2001,North Sea
722,HAV PIKE,Antigua Barbuda,304036000,General Cargo,1144,3718,1994,North Sea
723,RMS RATINGEN,Liberia,636093015,General Cargo,968,2644,2002,Baltic Sea
724,FLUVIUS TEIGN,Barbados,314021000,General Cargo,972,3680,2005,North Sea
725,PENGALIA,Portugal,255806347,Container Ship,2580,8267,2008,North Sea
726,NINA 1,St Vincent Grenadines,377764000,General Cargo,780,1485,1984,North Sea
727,OBREGON,USA,367240000,Logistics Naval Vessel,8000,25073,1982,North Atlantic Ocean
728,TINA,Netherlands,245301000,General Cargo,1144,3500,2010,North Sea
729,BJOERN M,Germany,211225410,General Cargo,432,480,1955,North Sea
730,FAIRPLAY-54,Germany,211216480,Tug,252,102,1991,North Sea
731,CLEMENTINE,Belgium,205451000,Ro-Ro Cargo,4050,9655,1997,North Sea
732,VOGE TRUST,Liberia,636091701,Oil/Chemical Tanker,4941,38349,2009,Aegean Sea
733,PAVINO,Panama,356161000,Oil/Chemical Tanker,1802,5707,2005,North Sea
734,VF TANKER-11,Russia,273357860,Oil Products Tanker,2397,6980,2012,North Sea
735,BERGSTRAUM,Norway,259319000,Oil/Chemical Tanker,2460,9494,1996,North Sea
736,FREDERIK,Antigua Barbuda,304374000,Container Ship,3875,18457,2005,North Atlantic Ocean
737,PERSEUS,Latvia,275524000,Container Ship,2394,7594,1995,North Sea
738,PATNOS,Portugal,255718000,Oil/Chemical Tanker,3312,16714,2006,North Sea
739,MAX,Netherlands,246910000,Tug,243,200,2012,Baltic Sea
740,FELIX,Netherlands,244890853,Tug,192,89,1988,North Sea
741,ASTRID,Morocco,242123400,Fishing Vessel,420,880,1997,North Atlantic Ocean
742,ANNA G,Cyprus,212075000,Container Ship,1818,5330,1994,North Sea
743,REGGANE,Liberia,636011212,Lpg Tanker,8280,54592,1999,Alboran Sea
744,RO MASTER,Norway,259183000,Fish Carrier,1080,3090,2007,Norwegian Sea
745,ROJAREK NAREE,Thailand,567108000,Bulk Carrier,4590,29870,2005,Strait of Gibraltar
746,CASTELO DE SINES,Portugal,263624000,Tug,360,304,2009,North Atlantic Ocean
747,WIGEON,Liberia,636016656,Bulk Carrier,4800,37238,2007,Gulf of Finland
748,ASTERIA LEADER,Japan,431024000,Vehicles Carrier,6368,21349,2010,North Pacific Ocean
749,HYUNDAI HONGKONG,Cyprus,212348000,Container Ship,12160,80102,2006,The Coastal Waters of Southeast Alaska and British Columbia
750,STEN HIDRA,Norway,258751000,Oil/Chemical Tanker,3312,16670,2007,North Sea
751,BOMLO,Norway,259344000,Ro-Ro/Passenger Ship,2320,3105,2005,North Sea
752,GORGONA,Italy,247164900,Oil Products Tanker,1125,2783,2006,Tyrrhenian Sea
753,RAMFORM VANGUARD,Norway,257773000,Research/Survey Vessel,3400,5200,1999,Aegean Sea
754,CAP CAPRICORN,Liberia,636015660,Container Ship,8436,51931,2013,Mediterranean Sea - Eastern Basin
755,KALITVA,Russia,273437050,General Cargo,1620,3174,1974,Sea of Marmara
756,JSP SLIDUR,Portugal,255806280,Container Ship,2948,11433,2007,North Sea
757,MARS SUN,Liberia,636016505,Crude Oil Tanker,10248,115536,2006,Black Sea
758,JOHN AUGUSTUS ESSBER,Portugal,255806060,Oil/Chemical Tanker,1904,6870,2010,Baltic Sea
759,THOPAS,Cyprus,209143000,General Cargo,1056,3290,1994,Kattegat
760,ISEFJORD,Denmark,219017815,Ro-Ro/Passenger Ship,600,184,2013,Kattegat
761,SAAM UXMAL,Mexico,345160012,Tug,234,134,2009,Gulf of Mexico
762,NYSAND,Norway,257040600,General Cargo,432,550,1965,North Sea
763,LIBURNA,Italy,247044300,Ro-Ro/Passenger Ship,1136,480,1988,Tyrrhenian Sea
764,RO MASTER,Norway,259183000,Fish Carrier,1080,3090,2007,Norwegian Sea
765,HORIZON THEANO,Liberia,636014285,Oil/Chemical Tanker,5856,50268,2009,Alboran Sea
766,HAN DE,Hong Kong,477743400,General Cargo,2160,8115,1993,Singapore Strait
767,LADY HESTER,Netherlands,244997000,General Cargo,1358,3500,2011,Kattegat
768,THUN GRANITE,Netherlands,244734000,Oil/Chemical Tanker,1725,7559,2004,North Sea
769,VIKING EMERALD,Marshall Is,538009730,Vehicles Carrier,4676,12500,2012,Singapore Strait
770,LOTUS SAMBU,Korea,441587000,Oil/Chemical Tanker,2016,8027,2009,Eastern China Sea
771,FREDERIK,Antigua Barbuda,304374000,Container Ship,3875,18457,2005,North Atlantic Ocean
772,AF CLAUDIA,Italy,247391700,Ro-Ro/Passenger Ship,4836,7500,2001,Adriatic Sea
773,VOGE TRUST,Liberia,636091701,Oil/Chemical Tanker,4941,38349,2009,Aegean Sea
774,CMA CGM ARISTOTE,Brazil,710004792,Container Ship,4590,21267,2007,South Atlantic Ocean
775,OBREGON,USA,367240000,Logistics Naval Vessel,8000,25073,1982,North Atlantic Ocean
776,VB WILHELMSHAVEN,Germany,211282710,Tug,372,163,1998,North Sea
777,DEUTSCHLAND,Germany,211188000,Ro-Ro/Passenger Ship,3384,2904,1997,Baltic Sea
778,CLEMENTINE,Belgium,205451000,Ro-Ro Cargo,4050,9655,1997,North Sea
779,CHINA TRIUMPH,Hong Kong,477091400,Bulk Carrier,15000,203028,2011,North Pacific Ocean
780,CASTELO DE SINES,Portugal,263624000,Tug,360,304,2009,North Atlantic Ocean
781,MSC SAMIRA III,Liberia,636020952,Container Ship,6360,34295,2009,Kattegat
782,FLORICA,Vanuatu,577459000,General Cargo,1495,3332,1990,Aegean Sea
783,IRMGARD,Cayman Is,319137500,Bulk Carrier,5400,38167,2012,Baltic Sea
784,INEBOLU,Malta,249732000,Oil/Chemical Tanker,1751,6008,1999,Aegean Sea
785,REGGANE,Liberia,636011212,Lpg Tanker,8280,54592,1999,Alboran Sea
786,OCEAN RESEARCHER,United Kingdom,235011460,Research/Survey Vessel,980,817,1984,North Sea
787,COTENTIN,France,228263800,Ro-Ro/Passenger Ship,4455,6200,2007,English Channel
788,MISTRAL,Portugal,255805937,Container Ship,3082,11254,2008,Kattegat
789,VB SCHELDE,Malta,249532000,Tug,280,150,2008,North Sea
790,SEA CHARLIE,Netherlands,244177000,Tug,234,200,2008,Coral Sea
791,MSC LAUSANNE,Malta,229384000,Container Ship,11320,63638,2005,North Sea
792,CDRY BROWN,Italy,247292400,General Cargo,1926,8049,2010,Adriatic Sea
793,VB ALBORAN,Spain,224550000,Tug,308,566,1998,North Atlantic Ocean
794,LEVANT HORIZON,Panama,374222000,General Cargo,2318,6917,1997,Persian Gulf
795,NYSTEIN,Norway,258824000,General Cargo,913,2489,1995,North Sea
796,TIDE NAVIGATOR,Netherlands,245086000,General Cargo,2124,8200,2011,Baltic Sea
797,KOKUSHO MARU,Japan,431000783,Oil/Chemical Tanker,650,1234,2009,North Pacific Ocean
798,WESTFALEN,Germany,211200690,Ro-Ro/Passenger Ship,1014,326,1972,North Sea
799,ANL WANGARATTA,Malta,215167000,Container Ship,8613,50596,2008,Alboran Sea
800,ANDROMEDA LEADER,Panama,356571000,Vehicles Carrier,6400,21443,2004,North Pacific Ocean
801,ARCHON MICHAEL,Palau,511100571,General Cargo,1040,1600,1979,Aegean Sea
802,KINDEACE,United Kingdom,235058304,Tug,363,255,2005,Irish Sea and St. George's Channel
803,MICHALIS,Marshall Is,538004166,Bulk Carrier,5400,33723,2011,Aegean Sea
804,ONE OLYMPUS,Singapore,563048400,Container Ship,14740,99563,2007,North Pacific Ocean
805,CABO SAN ANTONIO,Panama,355442000,Oil Products Tanker,7524,63589,2008,North Pacific Ocean
806,FALESIA,Italy,247013600,Oil/Chemical Tanker,3000,5213,2001,Alboran Sea
807,MUTAWA 305,UAE,470438000,Anchor Handling Vessel,770,1102,2011,Persian Gulf
808,ASAD,UAE,470975000,Tug,264,150,2008,Persian Gulf
809,GRANDE GHANA,Italy,247264700,Ro-Ro Cargo,6720,25000,2009,North Sea
810,GNS HOPE,Korea,441957000,Bulk Carrier,7296,68591,1994,Japan Sea
811,EDWARD J MORAN,USA,367108030,Tug,330,228,2006,North Atlantic Ocean
812,OPHELIA,Russia,273345030,Oil/Chemical Tanker,1740,6400,1981,Gulf of Finland
813,DINA SCOUT,Norway,257909000,Offshore Supply Ship,1232,3200,2013,North Sea
814,COASTAL CHARIOT,Netherlands,244770069,Work Vessel,396,247,2014,Baltic Sea
815,SVITZER MARS,Denmark,220259000,Tug,330,175,2004,Kattegat
816,NCL AVEROY,Portugal,255805587,Container Ship,3082,11206,2006,Norwegian Sea
817,CHEM VENUS,Liberia,636018039,Oil/Chemical Tanker,3480,19888,2004,English Channel
818,BRUVIK,Norway,257209600,Passenger/Cargo Ship,360,18,1949,Norwegian Sea
819,ROBIN HOOD,Germany,218795000,Ro-Ro/Passenger Ship,4654,6538,1995,Baltic Sea
820,ANASTASIA K,St Vincent Grenadines,376427000,Yacht,376,85,2014,Balearic Sea
821,MARJA,Netherlands,245451000,Container Ship,1818,5216,1995,North Sea
822,BESIKTAS ICELAND,Malta,229668000,Oil/Chemical Tanker,2214,7700,2007,North Sea
823,UBC CORK,Cyprus,210055000,Cement Carrier,2340,8388,2009,North Sea
824,CRACOVIA,Bahamas,311000671,Ro-Ro/Passenger Ship,4320,8058,2002,Baltic Sea
825,LANGELAND,Denmark,219016938,Ro-Ro/Passenger Ship,1764,972,2012,Kattegat
826,MSC IRENE,Panama,355233000,Container Ship,18615,162867,2010,North Sea
827,BOKA ATLANTIS,Marshall Is,538003646,Diving Support Vessel,2552,5662,2011,North Sea
828,ELIZABETH RIVER,Hong Kong,477070400,Bulk Carrier,6080,56035,2005,Alboran Sea
829,SERAPHIM SAROVSKIY,Russia,273334800,General Cargo,1680,3997,1986,Sea of Marmara
830,SIEM TOPAZ,Norway,257709000,Anchor Handling Vessel,2002,4250,2010,Great Australian Bight
831,GRANDE CAMEROON,Italy,247289800,Ro-Ro Cargo,6752,26652,2010,Tyrrhenian Sea
832,NS MERMAID,Sierra Leone,667001726,General Cargo,960,2302,1985,Adriatic Sea
833,SEA BIRD,Marshall Is,538009189,Bulk Carrier,7328,82177,2011,Mediterranean Sea - Eastern Basin
834,PRESIDENT CLEVELAND,USA,303340000,Container Ship,12000,84155,2012,North Pacific Ocean
835,ALYTUS,Cyprus,210355000,Bulk Carrier,5022,36782,2011,Baltic Sea
836,BALTIC ADVANCE,Cyprus,212182000,Oil/Chemical Tanker,4914,37332,2006,Baltic Sea
837,BRUVIK,Norway,257209600,Passenger/Cargo Ship,360,18,1949,Norwegian Sea
838,AASTUN,Portugal,255768000,General Cargo,1596,6100,2006,North Sea
839,YC COSMOS,Korea,441878000,Oil/Chemical Tanker,1680,5631,2008,North Pacific Ocean
840,EKEN,Faroe Is,231843000,General Cargo,1246,4775,2003,North Sea
841,PETREL S,Liberia,636019558,Bulk Carrier,3525,19101,2006,Aegean Sea
842,GROSSE FREIHEIT,Portugal,255806328,General Cargo,1712,5465,2012,Baltic Sea
843,RIX GULF,Portugal,255806275,General Cargo,1380,5400,2008,Kattegat
844,LOVUND EXPRESS,Norway,259664000,Passengers Ship,176,11,2006,Norwegian Sea
845,HAPPY PENGUIN,United Kingdom,235095979,Lpg Tanker,2260,8643,2013,North Sea
846,JUPITER SUN,Liberia,636016504,Crude Oil Tanker,10248,115577,2007,Sea of Marmara
847,SILVER STORM,Norway,257918000,Reefer,1568,4000,1998,North Sea
848,AZIMUT,Russia,273438740,Offshore Supply Ship,1184,3662,2003,Barentsz Sea
849,FALKVIK,Norway,258315000,General Cargo,459,615,1965,North Sea
850,HELGOEY TIND,Norway,257011900,High speed craft,200,11,2010,North Sea
851,ALMAK,Russia,273317270,Trawler,462,358,2001,Norwegian Sea
852,KEY WEST,Gibraltar,236668000,Oil/Chemical Tanker,1260,3741,1992,Norwegian Sea
853,HY CRYSTAL,Singapore,566751000,Bunkering Tanker,516,981,2013,Singapore Strait
854,TRUBADUREN,Sweden,265579090,Passengers Ship,320,51,1966,Kattegat
855,SUZDAL,Russia,273444330,Oil Products Tanker,2397,5600,2003,Black Sea
856,STOERTEBEKER,Germany,211232500,Ro-Ro Cargo,450,260,1991,North Sea
857,MSC KYMEA,Liberia,636020701,Container Ship,4806,23639,2006,Japan Sea
858,FAIRPLAY 21,Antigua Barbuda,305435000,Tug,420,260,1997,North Sea
859,BASEN,Norway,257062400,General Cargo,423,581,1966,Baltic Sea
860,FEED RANA,Norway,257035870,General Cargo,1260,4485,2004,Skaggerak
861,EDMY,Portugal,255806175,General Cargo,1770,7250,2002,North Sea
862,VITALITY,United Kingdom,232024448,General Cargo,1350,4181,2009,North Sea
863,TRUBADUREN,Sweden,265579090,Passengers Ship,320,51,1966,Kattegat
864,IEVOLI BLACK,Italy,247332100,Anchor Handling Vessel,1120,2064,2010,Inner Seas off the West Coast of Scotland
865,COTE DES FLANDRES,France,228085000,Ro-Ro/Passenger Ship,5236,7178,2005,North Sea
866,ELBWINTER,Cyprus,212008000,Container Ship,3322,13172,2008,North Sea
867,LECKO,Netherlands,244063000,General Cargo,1157,4775,2003,North Atlantic Ocean
868,MINERVA VIRGO,Greece,240730000,Oil/Chemical Tanker,5856,50921,2006,Gulf of Finland
869,MSC KYMEA,Liberia,636020701,Container Ship,4806,23639,2006,Japan Sea
870,BUGSIER 21,Antigua Barbuda,305173000,Tug,372,160,2000,North Sea
871,CELTIC COMMANDER,United Kingdom,232033026,General Cargo,1484,5780,2006,Sea of Marmara
872,VITALITY,United Kingdom,232024448,General Cargo,1350,4181,2009,North Sea
873,SEAMERIT,Malta,215263000,Oil Products Tanker,5096,39441,2002,North Sea
874,TUZLA,Vanuatu,577537000,General Cargo,1204,3943,1980,Sea of Marmara
875,ALTAY,Marshall Is,538004502,Bulk Carrier,2040,7448,2006,Aegean Sea
876,SPIRIT OF FRANCE,Cyprus,209490000,Ro-Ro/Passenger Ship,6816,9884,2011,North Sea
877,CDRY BROWN,Italy,247292400,General Cargo,1926,8049,2010,Adriatic Sea
878,LAGANBORG,Netherlands,244297000,General Cargo,1722,7350,2008,Baltic Sea
879,SVITZER MUIDEN,Netherlands,246115000,Tug,360,226,2004,North Sea
880,COSCO ANTWERP,United Kingdom,235068025,Container Ship,10920,68910,2001,Indian Ocean
881,SCARLET LADY,Malta,215044000,Bulk Carrier,3000,75336,2001,Sea of Marmara
882,MSC ALICANTE,Liberia,636092212,Container Ship,10800,74477,2011,North Sea
883,RMS BAERL,Antigua Barbuda,304791000,General Cargo,1200,2895,1999,Celtic Sea
884,NORBAR,Norway,257152000,General Cargo,902,2500,1995,North Sea
885,WIGHT LIGHT,United Kingdom,235064784,Ro-Ro/Passenger Ship,992,348,2008,English Channel
886,ROCKPIPER,Cyprus,209449000,Pipe Burying Vessel,5724,26675,2012,North Sea
887,VLADIVOSTOK,Cyprus,209389000,Container Ship,4784,23200,1998,Java Sea
888,FJORDGLYTT,Norway,257640900,High speed craft,200,15,2000,Norwegian Sea
889,JOHN AUGUSTUS ESSBER,Portugal,255806060,Oil/Chemical Tanker,1904,6870,2010,Baltic Sea
890,ALSIA SWAN,Malta,248359000,Oil/Chemical Tanker,1785,5717,2009,North Sea
891,MSC SHANNON,Panama,354540000,Container Ship,7552,46600,1991,North Sea
892,BONA SEA,Norway,258041000,General Cargo,888,1505,1986,North Sea
893,BAROY,Norway,257741000,Ro-Ro/Passenger Ship,1751,650,2012,Norwegian Sea
894,ALAND,United Kingdom,235050837,General Cargo,1972,7055,2007,Baltic Sea
895,HAM 316,Netherlands,244521000,Trailing Suction Hopper Dredger,2838,14389,1998,North Sea
896,SL YALLARM,Australia,503642000,Tug,360,304,2010,Coral Sea
897,ODESSA 1,Comoros,616999005,General Cargo,1620,3227,1981,Aegean Sea
898,HASAN G,Guyana,750994000,General Cargo,1785,6830,1996,Aegean Sea
899,INCE BEYLERBEYI,Singapore,563088400,Bulk Carrier,6368,61429,2012,Mediterranean Sea - Eastern Basin
900,URAN,Russia,273446880,Tug,180,89,1987,Gulf of Finland
901,OMSKIY-111,Russia,273459460,General Cargo,1620,3197,1983,Mediterranean Sea - Eastern Basin
902,PS GENOVA,Italy,247287800,Oil Products Tanker,10206,108983,2010,Aegean Sea
903,ASAD,UAE,470975000,Tug,264,150,2008,Persian Gulf
904,APILIOTIS,Greece,240438000,Oil Products Tanker,1078,1975,2006,Aegean Sea
905,GALILEAN 77,St Kitts Nevis,341328000,Oil/Chemical Tanker,1079,3232,1991,North Sea
906,ALTAY,Marshall Is,538004502,Bulk Carrier,2040,7448,2006,Aegean Sea
907,FOS ENERGY,Marshall Is,538009637,Oil/Chemical Tanker,5856,46185,2006,Persian Gulf
908,GROSSE FREIHEIT,Portugal,255806328,General Cargo,1712,5465,2012,Baltic Sea
909,ASTERIX,Canada,316030879,Container Ship,6222,23792,2010,North Atlantic Ocean
910,MSC ALICANTE,Liberia,636092212,Container Ship,10800,74477,2011,North Sea
911,JAG LEELA,India,419001223,Crude Oil Tanker,10248,105525,2011,North Pacific Ocean
912,PELLWORM 1,Germany,211255580,Ro-Ro/Passenger Ship,720,310,1997,North Sea
913,BERLIN,Germany,211727510,Ro-Ro/Passenger Ship,4590,5000,2014,Baltic Sea
914,MAINTAL,Portugal,255806439,General Cargo,1144,3703,2006,North Sea
915,SVITZER IDUN,Denmark,219024597,Tug,190,52,2006,Kattegat
916,FENJA,Denmark,219000604,Ro-Ro/Passenger Ship,700,250,1998,North Sea
917,CLEMENTINE,Belgium,205451000,Ro-Ro Cargo,4050,9655,1997,North Sea
918,LILY B,Antigua Barbuda,304010763,General Cargo,1300,4433,1997,Irish Sea and St. George's Channel
919,ALAND,United Kingdom,235050837,General Cargo,1972,7055,2007,Baltic Sea
920,LADY MARIELLA,Italy,247430200,Oil/Chemical Tanker,5124,39316,2013,Ionian Sea
921,ULTRA GUJARAT,Liberia,636015559,Bulk Carrier,6400,61671,2012,Sea of Marmara
922,NORMAND SUPPORTER,Norway,257337000,Multi Purpose Offshore Vessel,1880,5300,2012,North Sea
923,JOHN AUGUSTUS ESSBER,Portugal,255806060,Oil/Chemical Tanker,1904,6870,2010,Baltic Sea
924,HENRIKE,Germany,218858000,General Cargo,1068,3171,2000,North Sea
925,DESNA STAR,Liberia,636020605,Oil/Chemical Tanker,2580,12551,2010,North Sea
926,UBC CORK,Cyprus,210055000,Cement Carrier,2340,8388,2009,North Sea
927,KRISTIN SCHEPERS,Portugal,255806436,Container Ship,3102,9313,2007,North Sea
928,VISSEL,Luxembourg,253736000,Oil Products Tanker,744,1561,2007,North Sea
929,SEAMARLIN,Germany,218085000,Oil Products Tanker,6016,40549,2007,English Channel
930,MORNING CECILIE,Panama,370869000,Vehicles Carrier,6368,22699,2008,Balearic Sea
931,KAPITAN PSHENITSIN,Russia,273344600,Oil Products Tanker,2346,5596,1987,Black Sea
932,CLIPPER SKY,Norway,257309000,Lpg Tanker,6560,44807,2004,Alboran Sea
933,JANAS,Italy,247057100,Ro-Ro/Passenger Ship,5564,4700,2002,Tyrrhenian Sea
934,SCARLET LADY,Malta,215044000,Bulk Carrier,3000,75336,2001,Sea of Marmara
935,ULTRA GUJARAT,Liberia,636015559,Bulk Carrier,6400,61671,2012,Sea of Marmara
936,GRANDE GHANA,Italy,247264700,Ro-Ro Cargo,6720,25000,2009,North Sea
937,NORDIC ACE,Bahamas,309586000,Vehicles Carrier,3700,7800,2007,North Sea
938,ONEGO,Russia,273219190,General Cargo,902,2305,1983,Kattegat
939,JOHN AUGUSTUS ESSBER,Portugal,255806060,Oil/Chemical Tanker,1904,6870,2010,Baltic Sea
940,FENJA,Denmark,219000604,Ro-Ro/Passenger Ship,700,250,1998,North Sea
941,HENRIKE  SCHEPERS,Antigua Barbuda,305268000,Container Ship,3102,9231,2008,English Channel
942,ESPERANZA,Honduras,334991000,General Cargo,1335,4145,1984,Sea of Marmara
943,UBC CORK,Cyprus,210055000,Cement Carrier,2340,8388,2009,North Sea
944,SCALA,Liberia,636012769,General Cargo,1955,6826,2005,Mediterranean Sea - Eastern Basin
945,METEORA,Italy,247284100,Oil/Chemical Tanker,5425,40045,2009,Aegean Sea
946,HASAN G,Guyana,750994000,General Cargo,1785,6830,1996,Aegean Sea
947,DELTA TOLMI,Liberia,636020131,Crude Oil Tanker,13152,157488,2010,Mediterranean Sea - Eastern Basin
948,GALILEAN 77,St Kitts Nevis,341328000,Oil/Chemical Tanker,1079,3232,1991,North Sea
949,SEAMARLIN,Germany,218085000,Oil Products Tanker,6016,40549,2007,English Channel
950,ODESSA 1,Comoros,616999005,General Cargo,1620,3227,1981,Aegean Sea
951,INCE BEYLERBEYI,Singapore,563088400,Bulk Carrier,6368,61429,2012,Mediterranean Sea - Eastern Basin
952,QUEEN MAYA,Panama,373799000,Oil Products Tanker,2667,11980,1995,Persian Gulf
953,OMSKIY-111,Russia,273459460,General Cargo,1620,3197,1983,Mediterranean Sea - Eastern Basin
954,PS GENOVA,Italy,247287800,Oil Products Tanker,10206,108983,2010,Aegean Sea
955,TATLISU,Marshall Is,538006581,Oil/Chemical Tanker,1792,8521,2003,Aegean Sea
956,APILIOTIS,Greece,240438000,Oil Products Tanker,1078,1975,2006,Aegean Sea
957,EBENEZER,Australia,503000370,General Cargo,336,1000,1996,Tasman Sea
958,M\T T.GONUL,Turkey,271002726,Oil/Chemical Tanker,2508,10873,2009,Aegean Sea
959,DESNA STAR,Liberia,636020605,Oil/Chemical Tanker,2580,12551,2010,North Sea
960,CLEMENTINE,Belgium,205451000,Ro-Ro Cargo,4050,9655,1997,North Sea
961,OBOOR,Egypt,622123219,Trailing Suction Hopper Dredger,1440,10801,1984,Mediterranean Sea - Eastern Basin
962,MAYFIELD,Panama,355861000,General Cargo,1302,4300,2008,Aegean Sea
963,EVER LEADING,United Kingdom,235093619,Container Ship,15410,104409,2012,North Atlantic Ocean
964,KRISTIN SCHEPERS,Portugal,255806436,Container Ship,3102,9313,2007,North Sea
965,FAIRPLAY BENTAYGA,Antigua Barbuda,305658000,Tug,341,167,1997,North Sea
966,ARGO-1,Netherlands,246177000,Trailing Suction Hopper Dredger,880,2284,1983,North Sea
967,FREDERIK,Antigua Barbuda,304374000,Container Ship,3875,18457,2005,North Atlantic Ocean
968,DEUTSCHLAND,Germany,211188000,Ro-Ro/Passenger Ship,3384,2904,1997,Baltic Sea
969,KIMTEK 1,Singapore,565603000,Oil Products Tanker,1638,4999,2007,Singapore Strait
970,HAM 316,Netherlands,244521000,Trailing Suction Hopper Dredger,2838,14389,1998,North Sea
971,ACHILLEAS,Greece,240184000,Ro-Ro/Passenger Ship,1615,918,1987,Aegean Sea
972,ESVAGT CONTENDER,Denmark,219011205,Standby Safety Vessel,552,640,2008,North Sea
973,SL YALLARM,Australia,503642000,Tug,360,304,2010,Coral Sea
974,BRISBANE,Australia,503380000,Trailing Suction Hopper Dredger,1344,3600,2000,Coral Sea
975,PRESIDENT CLEVELAND,USA,303340000,Container Ship,12000,84155,2012,North Pacific Ocean
976,SD OBAN,United Kingdom,232004686,Naval/Naval Auxiliary Vessel,189,109,2000,English Channel
977,ELYROS,Greece,240685000,Ro-Ro/Passenger Ship,5184,5590,1998,Adriatic Sea
978,KINDEACE,United Kingdom,235058304,Tug,363,255,2005,Irish Sea and St. George's Channel
979,VB HUDSON,Malta,249525000,Tug,280,150,2008,North Sea
980,WLADYSLAW ORKAN,Malta,248160000,General Cargo,5600,30435,2003,Singapore Strait
981,HELGE,Netherlands,244750397,General Cargo,1246,5000,2013,Skaggerak
982,DUTCH POWER,Netherlands,246607000,Tug,300,130,2009,Baltic Sea
983,ACHILLEAS,Greece,240184000,Ro-Ro/Passenger Ship,1615,918,1987,Aegean Sea
984,FLORICA,Vanuatu,577459000,General Cargo,1495,3332,1990,Aegean Sea
985,PRESIDENT CLEVELAND,USA,303340000,Container Ship,12000,84155,2012,North Pacific Ocean
986,ALEXANDRA G,Greece,240688000,Bunkering Tanker,888,2190,1974,Aegean Sea
987,CASTELO DE SINES,Portugal,263624000,Tug,360,304,2009,North Atlantic Ocean
988,ROMSDALSFJORD,Norway,258329500,Ro-Ro/Passenger Ship,1968,857,2010,Norwegian Sea
989,PERFORMER,Netherlands,244989000,General Cargo,1638,6500,2007,North Sea
990,MN CALAO,France,228027900,Ro-Ro Cargo,4480,12026,2013,Persian Gulf
991,FAIRPLAY-31,Germany,218143000,Tug,456,508,2009,Baltic Sea
992,MSC BRIDGE,Cyprus,212184000,Ro-Ro Cargo,5460,12350,1998,Tyrrhenian Sea
993,MAERSK TUKANG,Singapore,565825000,Container Ship,14276,107404,2008,North Atlantic Ocean
994,HIMS 12,Panama,371928000,Offshore Supply Ship,1445,3750,2014,Persian Gulf
995,COTENTIN,France,228263800,Ro-Ro/Passenger Ship,4455,6200,2007,English Channel
996,SIDDIS SAILOR,Norway,258268000,Offshore Supply Ship,1700,4800,2007,North Sea
997,SEASHARK,Germany,211135000,Oil/Chemical Tanker,4984,32302,2004,Baltic Sea
998,KEY BORA,Gibraltar,236385000,Oil/Chemical Tanker,1302,3502,2006,North Sea
999,NYSTEIN,Norway,258824000,General Cargo,913,2489,1995,North Sea
1000,HAGLAND BORG,Norway,258709000,General Cargo,1144,3703,1997,Skaggerak
1001,BUTE,United Kingdom,235025112,Ro-Ro/Passenger Ship,1080,508,2005,Inner Seas off the West Coast of Scotland
1002,HABIP BAYRAK,Malta,229674000,Oil/Chemical Tanker,1984,8405,2010,Aegean Sea
1003,APOLLON HELLAS,Greece,237002600,Ro-Ro/Passenger Ship,1288,1032,1990,Aegean Sea
1004,BAYAN,Singapore,565058000,Oil Products Tanker,1335,3600,2010,Singapore Strait
1005,ANAFI WARRIOR,Greece,241408000,Crude Oil Tanker,9954,107593,2009,Aegean Sea
1006,SEAVOYAGER,Hong Kong,477144300,Crude Oil Tanker,10206,109085,2009,North Sea
1007,BESIKTAS ICELAND,Malta,229668000,Oil/Chemical Tanker,2214,7700,2007,North Sea
1008,RO MASTER,Norway,259183000,Fish Carrier,1080,3090,2007,Norwegian Sea
1009,QI HANG,Sierra Leone,667001761,General Cargo,1105,3720,1991,Philippine Sea
1010,ALTAY,Marshall Is,538004502,Bulk Carrier,2040,7448,2006,Aegean Sea
1011,COSTA LUMINOSA,Italy,247257900,Passengers Ship,9408,7600,2009,Mediterranean Sea - Western Basin
1012,OSTBORG,Netherlands,245180000,General Cargo,1157,3792,2001,North Sea
1013,BERGENSFJORD,Denmark,219348000,Ro-Ro/Passenger Ship,4590,3900,2014,Skaggerak
1014,ILE D OUESSANT,France,228370600,Offshore Supply Ship,1653,4860,2011,North Sea
1015,BAYAN,Singapore,565058000,Oil Products Tanker,1335,3600,2010,Singapore Strait
1016,APL CHANGI,Singapore,566882000,Container Ship,20247,150166,2013,English Channel
1017,NOBLE VALOUR,Singapore,563009850,Tug,208,103,2007,Singapore Strait
1018,MS SOPHIE,Liberia,636090888,Oil/Chemical Tanker,5040,40248,2004,Singapore Strait
1019,TASIK MELATI,Malaysia,533130272,Bulk Carrier,13005,180310,2004,Eastern China Sea
1020,FLUVIUS TEIGN,Barbados,314021000,General Cargo,972,3680,2005,North Sea
1021,SURE SHAMAL,Malta,256002311,Crew Boat,260,24,2011,North Sea
1022,NINA 1,St Vincent Grenadines,377764000,General Cargo,780,1485,1984,North Sea
1023,TINA,Netherlands,245301000,General Cargo,1144,3500,2010,North Sea
1024,FAIRPLAY-54,Germany,211216480,Tug,252,102,1991,North Sea
1025,PAVINO,Panama,356161000,Oil/Chemical Tanker,1802,5707,2005,North Sea
1026,VF TANKER-11,Russia,273357860,Oil Products Tanker,2397,6980,2012,North Sea
1027,SUSANNE THERESA,Denmark,220447000,Oil/Chemical Tanker,1302,3464,2006,North Sea
1028,RMS RATINGEN,Liberia,636093015,General Cargo,968,2644,2002,Baltic Sea
1029,HAV PIKE,Antigua Barbuda,304036000,General Cargo,1144,3718,1994,North Sea
1030,PERSEUS,Latvia,275524000,Container Ship,2394,7594,1995,North Sea
1031,KRISTIN SCHEPERS,Portugal,255806436,Container Ship,3102,9313,2007,North Sea
1032,PATNOS,Portugal,255718000,Oil/Chemical Tanker,3312,16714,2006,North Sea
1033,SUPER FAST BALEARES,Spain,224537000,Ro-Ro Cargo,5434,10140,2010,Aegean Sea
1034,ANNA G,Cyprus,212075000,Container Ship,1818,5330,1994,North Sea
1035,LADY CLARA,Antigua Barbuda,305015000,General Cargo,1032,3637,2007,North Sea
1036,ILE D OUESSANT,France,228370600,Offshore Supply Ship,1653,4860,2011,North Sea
1037,AM TUBARAO,Liberia,636015171,Bulk Carrier,8740,93225,2011,Baltic Sea
1038,VB ROENNEBECK,Germany,211717470,Tug,270,144,1977,North Sea
1039,DHB DAUNTLESS,United Kingdom,232004784,Tug,300,234,2000,English Channel
1040,SUSANNE THERESA,Denmark,220447000,Oil/Chemical Tanker,1302,3464,2006,North Sea
1041,SVITZER MUIDEN,Netherlands,246115000,Tug,360,226,2004,North Sea
1042,LADY CARINA,Netherlands,244621000,General Cargo,1744,5360,2001,North Sea
1043,BLUE STAR PATMOS,Greece,241159000,Ro-Ro/Passenger Ship,3190,2775,2012,Aegean Sea
1044,ISEFJORD,Denmark,219017815,Ro-Ro/Passenger Ship,600,184,2013,Kattegat
1045,SLEIPNER-FUR,Denmark,219000859,Ro-Ro/Passenger Ship,770,286,1996,North Sea
1046,HAGLAND BORG,Norway,258709000,General Cargo,1144,3703,1997,Skaggerak
1047,SVETI MARKO,Croatia,238085840,Tug,280,145,2007,Adriatic Sea
1048,FILIA ARIEA,Netherlands,244662000,General Cargo,1260,2950,2008,Singapore Strait
1049,STINNES ZEPHIR,Antigua Barbuda,304332000,General Cargo,3168,17273,2011,Bay of Biscay
1050,LAUNKALNE,Cyprus,210388000,General Cargo,1848,11000,2010,Kattegat
1051,STENA GERMANICA,Sweden,266331000,Ro-Ro/Passenger Ship,7230,10670,2001,Baltic Sea
1052,MIKHAIL LOMONOSOV,Russia,273343810,General Cargo,1683,4805,2000,Gulf of Finland
1053,EMBLA,Norway,257082000,Co2 Tanker,1079,3480,2005,North Sea
1054,BG ONYX,Portugal,255772000,Container Ship,3102,9298,2010,English Channel
1055,DZ HEZE,Liberia,636016265,Bulk Carrier,6048,52388,2004,Japan Sea
1056,MED SETUBAL,Portugal,263602553,Tug,330,118,1991,North Atlantic Ocean
1057,TORNEDALEN,Portugal,255620000,General Cargo,1500,5572,2000,Gulf of Finland
1058,MAERSK TUKANG,Singapore,565825000,Container Ship,14276,107404,2008,North Atlantic Ocean
1059,SEA CITRINE VI,Panama,357633000,Oil Products Tanker,2750,12633,1999,Persian Gulf
1060,STENA SCANDINAVICA,Sweden,266343000,Ro-Ro/Passenger Ship,7290,12200,2003,Kattegat
1061,VB SANDON,United Kingdom,235074754,Tug,360,255,1996,Irish Sea and St. George's Channel
1062,NO3 GREEN PIONEER,Korea,441102000,Oil/Chemical Tanker,1395,4052,2003,Yellow Sea
1063,RAS TOMB,Algeria,605076190,Oil/Chemical Tanker,1744,5016,2010,Ionian Sea
1064,WCD AL WASMIYA,Bahrain,408720000,Utility Vessel,256,650,1998,Persian Gulf
1065,AMETHYST,Russia,273445370,General Cargo,1620,3600,1979,Aegean Sea
1066,MSC BRIDGE,Cyprus,212184000,Ro-Ro Cargo,5460,12350,1998,Tyrrhenian Sea
1067,AYER MANIS,Singapore,563001270,Water Tanker,387,499,1993,Singapore Strait
1068,FINNPARTNER,Sweden,266262000,Ro-Ro/Passenger Ship,5124,11558,1994,Baltic Sea
1069,ROGALAND,Norway,257256500,Passengers Ship,396,508,1929,North Sea
1070,LS ANNE,Gibraltar,236476000,Oil/Chemical Tanker,1785,5757,2008,English Channel
1071,SINYAR,UAE,470327000,Tug,144,134,2006,Persian Gulf
1072,MORNING CECILIE,Panama,370869000,Vehicles Carrier,6368,22699,2008,Balearic Sea
1073,OSTBORG,Netherlands,245180000,General Cargo,1157,3792,2001,North Sea
1074,FUREVIK,Faroe Is,231701000,Oil/Chemical Tanker,5520,37082,2005,North Sea
1075,HVITANES,Faroe Is,231201000,Ro-Ro Cargo,1648,4380,1980,Gulf of Finland
1076,ESVAGT CHARLIE,Denmark,219297000,Standby Safety Vessel,320,414,1976,North Sea
1077,CAPTAIN D LEMPESIS,Liberia,636020117,Bulk Carrier,6270,53466,2005,Kattegat
1078,YOUNGHEUNG,Marshall Is,538007072,Bulk Carrier,13140,179221,2010,The Coastal Waters of Southeast Alaska and British Columbia
1079,MAERSK TUKANG,Singapore,565825000,Container Ship,14276,107404,2008,North Atlantic Ocean
1080,PS GENOVA,Italy,247287800,Oil Products Tanker,10206,108983,2010,Aegean Sea
1081,APILIOTIS,Greece,240438000,Oil Products Tanker,1078,1975,2006,Aegean Sea
1082,M\T T.GONUL,Turkey,271002726,Oil/Chemical Tanker,2508,10873,2009,Aegean Sea
1083,GRANDE ELLADE,Italy,247019600,Vehicles Carrier,6006,18885,2001,Aegean Sea
1084,GLOMAR VANTAGE,Panama,372867000,Research/Survey Vessel,672,1250,1982,Baltic Sea
1085,NEW HARVEST,Panama,351201000,Bulk Carrier,7200,77834,2004,Aegean Sea
1086,STENA SCANDINAVICA,Sweden,266343000,Ro-Ro/Passenger Ship,7290,12200,2003,Kattegat
1087,AMETHYST,Russia,273445370,General Cargo,1620,3600,1979,Aegean Sea
1088,ISEFJORD,Denmark,219017815,Ro-Ro/Passenger Ship,600,184,2013,Kattegat
1089,SINYAR,UAE,470327000,Tug,144,134,2006,Persian Gulf
1090,INUKSUK 1,Canada,316011760,Trawler,840,575,1987,Kattegat
1091,HVITANES,Faroe Is,231201000,Ro-Ro Cargo,1648,4380,1980,Gulf of Finland
1092,BUBBA BOOSH,Marshall Is,538009312,Bulk Carrier,6048,54958,2014,Aegean Sea
1093,STRATIS Z,Panama,374768000,Anchor Handling Vessel,826,1385,2007,North Atlantic Ocean
